subreddit,avg(score)
1017bricksquad,4.0000
102ndworldproblems,1.0000
195,242.0000
1984,1.0000
2007runescape,0.0000
2007scape,39.8889
2014,2.0000
2015,0.0000
2015readingchallenge,3.0000
240sx,11.0000
24hoursupport,1.5000
2spooky4me,91.0000
2WDTrucks,3.0000
300BLK,7.0000
3AMThoughts,14.5000
3DPorncraft,106.0000
3Dprinting,86.8000
3DS,12.3333
3DScanning,3.0000
3dsFCswap,1.0000
40Plus,2.0000
40something,12.0000
4chan,1533.7000
4ChanMeta,335.0000
4PanelCringe,903.6667
4x4,5.0000
4_pr0n,22.0000
5050,3.0000
524CD85,1.0000
52book,59.0000
52weeksofbaking,17.0000
60fpscum,24.0000
60fpsporn,1738.3333
62_526774_113_992411,14.0000
70smusic,4.0000
7daystodie,5.0000
80s,30.0000
80sAlternative,3.0000
80smusic,66.0000
8muses,18.0000
90s,13.0000
911truth,17.5000
9thworldproblems,1.0000
a7x,2.0000
aaaaaatheismmmmmmmmmm,271.0000
AbandonedPorn,31.0000
ABCDesis,18.0000
abcqwerty123MODS,2.0000
ABDL,11.0000
ableton,93.0000
abortion,7.0000
AboutCatsStandingUp,11.0000
abqgamedevguild,1.0000
ABraThatFits,8.0000
ACAB,4.0000
AcademicPsychology,4.0000
acapella,5.0000
acappella,1.0000
Accordion,29.0000
Accounting,60.5000
Accutane,6.0000
ACIM,5.0000
acne,7.0000
acting,17.0000
actuallesbians,60.2000
Acura,15.0000
AdamCarolla,25.0000
addiction,2.0000
ADHD,97.4000
adhdmeme,43.5000
ADifferentEra,16.0000
AdiposeAmigos,98.0000
AdkReddit,1.0000
AdoptiveParents,0.0000
AdoptMyVillager,18.0000
ads,1523.0000
AdultBreastfeeding,31.0000
adultnursing,1.0000
Adults30Pluswar,1.0000
adultswim,25.3333
AdvancedRunning,8.0000
adventuretime,45.7500
adventuretrees,31.0000
AdventurousFish,15.0000
AdvertiseYourSub,1.0000
Advice,7.5000
AdviceAnimals,1687.1429
aepi,0.0000
afinil,0.5000
AfricanAmerican,1.0000
AfterEffects,0.0000
after_the_shot,78.0000
Afwcomics,99.0000
ageofishtaria,14.0000
AgMarketplace,1.8333
agnosticism,11.0000
AGU,1.0000
aidanthegator,3.0000
AirBnB,2.0000
AirForce,1.0000
airplanes,11.0000
airsoft,64.1250
airsoftmarket,1.8750
AirSwimming,96.0000
airz23,1033.5000
ak47,55.0000
AkameGaKILL,37.6667
Akinator,2.0000
alberta,147.0000
AlbertoCallaspo,7.0000
Albinism,3.0000
alchemy,4.0000
alcohol,8.5000
AlevelPhysics,1.0000
alexstacyclassroom,0.0000
algorithms,11.0000
AlienBlue,60.0000
AlienComments,2.0000
aliens,40.5000
AliensAmongUs,127.0000
Alienware,19.0000
alike,1.0000
allaccessplaylists,2.0000
Allergies,11.0000
alltheleft,4.0000
AlpacaSelfies,6.0000
alphaprotocol,1.0000
altcomix,19.0000
Altdudesgonewild,41.0000
AlternateHistory,2.0000
Alternativerock,7.0000
AltisLife,0.0000
AltJ,59.0000
altrap,1.0000
Alzheimers,4.0000
AMA,684.8000
AMADisasters,84.0000
Amaranthe,2.0000
Amateur,225.3333
amateurradio,41.0000
AmateurRoomPorn,64.0000
AmateurWifes,11.0000
amateur_boxing,31.0000
amazon,3.0000
amazonecho,6.0000
AmazonWTF,45.0000
ambigrams,1.0000
Amblyopia,5.0000
AMBW,3.0000
Amd,26.0000
americanbulldog,30.0000
americandad,55.0000
americanfootball,2.0000
americangods,7.0000
AmericanHorrorStory,46.0000
AMG,6.0000
AmIASexyQueer,24.0000
amibeingdetained,394.0000
AmICrazy,1.0000
AmIFreeToGo,141.5000
amiga,34.0000
Amigurumi,16.3333
amihot,8.0000
amiibo,30.8750
amiiboGore,13.0000
amiibros,21.0000
amipretty,8.0000
AmISexy,0.0000
amisexy_over30,14.0000
amiugly,75.2500
Amsterdam,21.0000
AnalInk,233.5000
analog,116.5000
analogygifs,108.0000
AnalOrgasms,13.0000
Anarchism,738.0000
Anarchy101,24.0000
Android,566.8519
androidapps,22.7000
androiddev,8.0000
AndroidGaming,62.1111
AndroidMasterRace,251.0000
AndroidQuestions,4.5000
AndroidRoms,1.0000
androidthemes,8.0000
AndroidTV,3.0000
androidwatchfaces,12.0000
AndroidWear,11.6000
AngelBeats,21.0000
AngieVaronaLegal,230.0000
angularjs,11.5000
AnimalCrossingNewLeaf,2.0000
animalfights,3.0000
AnimalsBeingBros,3067.0000
AnimalsBeingDerps,40.0000
AnimalTextGifs,230.2500
animation,134.0000
anime,170.6571
AnimeFood,12.0000
animegifs,131.0000
animenocontext,48.0000
Animesuggest,20.8333
Animewallpaper,18.0000
Annoying,4.0000
anonymous,42.0000
ANormalDayInRussia,888.0000
anosmia,5.0000
Anthropophobia,2.0000
antifatart,308.0000
AntiMemeWatch,9.0000
anxietrees,4.0000
Anxiety,115.6667
AnythingGoesNews,1.0000
AnythingGoesPics,1065.0000
apexhigh,0.0000
apink,22.0000
apljk,10.0000
ApocalypseRising,11.2500
ApotheosisVillage,6.5000
AppalachianTrail,12.0000
AppHookup,6.0000
apple,129.7143
applehelp,10.0000
applescript,1.0000
appletv,1.0000
apple_watch,2.0000
ApplyingToCollege,25.0000
AppNana,1.0000
APStudents,109.0000
Aquaman,13.5000
aquaponics,8.0000
aquarium,52.0000
Aquariums,499.5000
AquaSwap,9.0000
ar15,40.3333
arabs,20.0000
ArboRoot,2.5000
archeage,99.0000
architecture,643.0000
ArchitecturePorn,371.0000
archlinux,29.6000
arduino,2.5000
area11band,7.0000
Argonian,11.0000
arielwinter,241.0000
arkhamknight,1.0000
arma,4.5000
Armadillo,5.0000
Armidale,0.0000
army,32.4000
aromantic,5.0000
arresteddevelopment,5.0000
arrow,708.8333
Art,1518.2500
arthelp,0.0000
ArtHistory,1.0000
ArtisanVideos,649.0000
Aruba,6.0000
asatru,111.0000
ASCII_Archive,7.0000
asdfmovie,0.0000
asianamerican,44.0000
AsianBeauty,59.8333
asianbros,9.0000
AsianParentStories,34.0000
AsiansGoneWild,688.0000
AskACountry,20.0000
askart,1.0000
askcarsales,4.0000
AskDocs,11.1667
AskElectronics,75.5000
AskEngineers,0.0000
AskEscorts,1.0000
AskEurope,13.0000
askgaybros,12.1053
askhistorian,1.0000
AskHistorians,614.2500
AskMen,74.4400
askmilitary,1.0000
AskNetsec,32.0000
AskNYC,21.0000
AskOldPeople,9.5000
AskPCGamers,4.0000
askphilosophy,12.0000
AskReddit,783.3583
AskRedditAfterDark,62.7500
AskReddits,0.0000
AskReligion,5.0000
askscience,912.3000
AskScienceDiscussion,10.0000
AskScienceFiction,120.0000
AskSocialScience,0.0000
asktransgender,16.2500
asktrees,8.0000
asktrolly,47.0000
asktrp,0.0000
AskVet,53.0000
askwoman,1.0000
AskWomen,98.7778
askwomenadvice,2.0000
asmr,160.8333
asoiaf,65.7800
ASOUE,8.6667
aspergers,24.0000
ass,957.2500
assassinscreed,134.2000
Assassinscreed4,1.0000
Assert_Your_Rights,22.0000
assholedesign,43.0000
assholes,3.0000
Assistance,11.0000
asss,10.0000
asstastic,533.0000
Ass_to_Ass,169.0000
AstralObservatory,34.0000
AstralProjection,7.0000
Astronomy,25.5000
Atari2600,14.0000
atarraxia,1.0000
atheism,599.7500
atheismrebooted,11.0000
Atheists,3.0000
Atkins,3.0000
Atlanta,10.3333
atlanticaonline,2.0000
ATLauncher,1.0000
atlbeer,5.0000
atletico,11.0000
ato,0.0000
Attackontitangame,59.0000
aucegypt,1.0000
Audi,10.0000
audible,11.0000
audiobooks,6.0000
audioengineering,25.0000
audit,1.0000
augmentedreality,10.0000
AuraKingdom,29.0000
ausents,7.0000
AusFemaleFashion,6.5000
ausgamecollecting,2.0000
Austin,11.2500
AustinClassifieds,2.0000
australia,350.0000
AustralianHair,3.0000
AustralianMakeup,11.0000
autism,7.0000
AutismSpeaks,0.0000
AutoDetailing,137.0000
autofellatio,108.0000
AutoImmuneProtocol,4.0000
autoimmunity,3.0000
automotive,1.0000
avatarcirclejerk,12.0000
AvatarPorn,113.0000
avaya,1.0000
Avengers,38.0000
aves,65.0000
AVexchange,3.0000
AVGN,41.0000
AviatorsOfGTA,3.5000
awakened,31.0000
AwfulArt,36.0000
AwfulCommercials,131.0000
awfuleverything,271.7500
awfuleyebrows,132.0000
Awfulthoughts,16.0000
aws,8.0000
aww,1433.6429
awwnverts,507.0000
awwwtf,906.0000
aww_gifs,63.0000
Ayahuasca,16.0000
aygo,3.0000
ayylmao,297.7500
ayy_lmao_bot,24.0000
AZCardinals,21.1667
A_irsoft,1.0000
B2does101,7.0000
Babes,49.0000
BabyBumps,49.3333
BABYMETAL,14.0000
backgammon,19.5000
backpacking,16.2500
BackpackingDogs,17.0000
backpfeifengesicht,9.0000
BackstreetBoys,5.0000
BackYardChickens,82.0000
BaconGameJam,3.0000
baconreader,23.5000
BadArt,1.0000
badbandphotos,103.5000
badchinese,14.0000
badcosplay,18.0000
badhistory,50.0000
badkarma,9.0000
badparenting,4.0000
badpeoplestories,53.6667
badpolitics,65.0000
badtattoos,158.0000
badtechnology,3.0000
baduk,6.0000
Bad_Cop_No_Donut,1623.0000
Bad_lip_reading_gif,90.0000
BaileyJay,210.0000
bakacss2,1.0000
Baking,734.0000
BalearicMusic,2.0000
Ballpit,2.0000
Balls,83.0000
BallStreams,11.5000
BaltimoreMusic,4.0000
banalites,3.0000
bananatits,91.0000
Bandnames,125.0000
bangalore,12.0000
BanishedModding,8.0000
BanjoThreei,1.0000
Banking,12.0000
BarCraft,0.0000
barefoot,8.0000
Bartimaeus,5.0000
baseball,15.5000
baseballcards,6.0000
basketballjerseys,2.0000
BasketballTips,7.0000
Bass,83.0000
BassGuitar,2.0000
bassnectar,29.5000
BatFacts,21.0000
batman,9.0000
BatmanArkham,148.0000
battlecats,15.8000
Battlefield,17.0000
battlefield_4,224.6250
Battlefield_4_Xbox360,10.0000
BattleJackets,3.0000
battleofstalingrad,9.0000
battlestations,1203.0000
battlewagon,14.0000
bayarea,1.0000
BayAreaSeddit,4.0000
BayAreaVapers,1.5000
Bayes,3.0000
baylor,10.0000
bayonetta2,7.0000
bbexchange,1.0000
BBQ,18.0000
bbtheads,1.0000
BBWGW,30.5000
BBWVideos,14.0000
bdfc,9.0000
bdsm,365.0000
BDSMGW,154.0000
BDSMpersonals,1.3333
beadweavers,1.0000
BeardAdvice,0.0000
BeardedDragons,14.0000
beards,1427.5000
Bear_Taco,5.0000
beatles,131.0000
beatmakers,0.0000
BeautifulFemales,59.0000
beauty,17.0000
BeautyAddiction,8.0000
beautyblogs,3.0000
BeautyBoxes,42.0000
beautyvsporn,17.5000
Beekeeping,9.0000
beer,75.2500
beermoney,79.2308
beermoneyhumor,14.0000
beerporn,141.0000
beertrade,0.0000
BeforeandAfter,24.0000
beginnerprojects,26.0000
behindthegifs,244.0000
beijing,1.0000
bellevue,13.0000
Ben10,5.0000
benchmade,3.0000
bengals,12.0000
Benghazi,2.0000
BenReflexes,2.0000
bentatthewaist,43.0000
benzodiazepines,10.0000
berkeley,4.0000
berlin,48.4000
Berserk,6.0000
bestof,2245.0000
BestOfLiveleak,18.0000
BestOfOutrageCulture,39.0000
bestofworldstar,0.0000
bestof_gangbangs,11.0000
bestpornsites,1.0000
beyondthebump,2.0000
Biboners,14.0000
bicycling,63.5000
bigasses,242.3333
bigbangcomics,541.0000
BigBoobies,6.0000
bigboobproblems,39.0000
bigboobs,150.0000
BigBoobsGonewild,104.0000
BigBoobsGW,484.5000
bigdickgirl,108.0000
bigdickjoy,29.0000
bigdicklovers,13.4000
bigdickproblems,424.3333
bigfoot,7.5000
BiGoneMild,33.0000
BigSur,4.0000
BigXII,11.0000
BikeGear,10.0000
bikewrench,10.0000
Bikini,24.0000
bikramyoga,3.0000
BillEvans,17.0000
bimbofetish,130.0000
binary,1.0000
binaryappr,0.0000
bindingofisaac,565.2400
bingpong,3.5000
Biochemistry,6.0000
bipolar,24.5000
BipolarReddit,8.0000
Birmingham,7.5000
birthcontrol,4.5000
birthday,0.0000
biscuitapp,2.0000
bisexual,47.0000
bisexualUK,6.0000
Bit451,1.0000
bitches,0.0000
Bitcoin,126.0714
BitcoinBeginners,9.3333
BitcoinStocks,19.0000
BitcoinUSA,1.0000
BitMarket,1.0000
BitTippers,19.5000
bjj,3.3333
BL2Guns,10.0000
blackberry,72.0000
blackbookgraffiti,28.0000
blackcoin,8.0000
blackdesertonline,26.1500
blackfriday,0.0000
BlackHairedGirls,27.0000
BlackLabelSociety,5.0000
blackladies,156.0000
blacklagoon,8.0000
BlackMesaSource,19.0000
blackmirror,101.7500
BlackPeopleTwitter,13516.3333
blacksmithing,9.0000
blacktears,209.0000
bleach,21.0000
Bleach_Hentai,64.0000
blender,281.5000
Blink182,5.0000
BlockChain,2.0000
blockhitting,1.0000
BlocknLoad,9.0000
BlocParty,5.0000
blog,2540.2500
Blogging,8.2500
Blonde,169.0000
bloomington,10.0000
Blowjobs,589.0000
blowjobsandwich,171.0000
blowjob_gifs,12.0000
BluesMusic,8.0000
blunderyears,1823.5000
blur,8.0000
BMCCUSER,1.0000
BMW,195.3333
bmx,0.0000
boardgames,57.7778
BobsBurgers,909.0000
BodyAcceptance,31.0000
bodyboarding,2.0000
bodybuilding,273.4000
bodybuildingpics,39.5000
bodygallery,36.0000
bodyweightfitness,289.3333
Bogleheads,3.5000
Boise,11.5000
BoJackHorseman,213.5000
boltaction,8.0000
boltedontits,289.5000
Bombsquad,8.0000
bonecollecting,11.0000
Boneyard,20.0000
boobbounce,149.5000
bookbinding,14.0000
books,310.6667
BooksAMA,8.0000
booksuggestions,19.6667
boombeachrecruit,3.0000
BoomBewm,1.0000
boostedboards,1.0000
bootroom,187.0000
Boots,3.0000
Borderlands,37.0000
Borderlands2,26.0000
BorderlandsGuns,2.0000
BorderlandsPreSequel,0.0000
borrow,3.0000
boston,35.0000
BotRights,21.0000
BotWatchman,5.0000
bourbon,22.3333
Bowling,2.0000
Boxing,258.7500
BPD,23.0000
bradford,8.0000
BradyHaran,71.0000
brandnew,9.0000
Brandons,2.0000
brantford,0.0000
brasgonewild,50.0000
brasil,15.0000
braswap,3.6667
bravefrontier,61.8889
bravelydefault,5.0000
breakcore,0.0000
breakingmom,7.0000
BreakUp,3.0000
breastcancer,3.0000
Breathless,83.0000
BreedingDittos,15.0000
Brentalfloss,4.0000
BrewCityFC,3.0000
BriceMaddock,1.0000
BriggsGaming,4.0000
brink,9.0000
brisbane,2.0000
britishproblems,100.0000
BritishSuccess,57.0000
BritishTV,6.0000
brokehugs,5.0000
Brompton,4.0000
broodhollow,10.0000
brooklynninenine,47.0000
BroTeamPill,14.0000
browser,1.0000
BruceCampbell,6.0000
bryci,115.5000
br_controls,26.0000
Buddhism,4.5000
buffalobills,11.0000
buffalosabres,10.0000
buffalowizcirclejerk,7.0000
buildapc,309.4412
buildapcforme,1.0000
buildapcsales,188.0000
BuildingCodes,5.0000
Bukkake,77.0000
Bulldogs,332.0000
bullshitadvertising,41.0000
Bundesliga,8.0000
burger,2.0000
burgers,296.0000
burial,17.0000
burlington,26.0000
Bushcraft,8.0000
business,5.1923
businessplugs,3.0000
BusinessTravel,1.0000
bustyamateurasians,27.0000
BustyPetite,335.5000
bustyselfies,8.2500
Butchery,10.0000
butterface,69.9000
buttsonbikes,98.0000
buttsthatgrip,86.0000
BuyItForLife,88.4000
Bville,2.0000
BytecoinBCN,7.0000
cablegore,13.0000
CableManagement,36.0000
cafe,14.0000
CafeRacer,68.0000
CafeRacers,200.0000
CAFuturistParty,1.0000
CageTheElephant,33.0000
cagonewild,22.0000
cahideas,76.0000
cakeday,18.0000
CAKEWIN,50.5000
CalamariRaceTeam,228.0000
Caleb,4.0000
Calgary,4.3333
California,420.5000
CallOfDuty,22.0000
callofdutyheroes,1.5000
camaro,17.0000
Cameras,7.0000
CampingandHiking,22.7500
canada,13.0000
canadaguns,33.0000
CanadaHunting,2.0000
CanadaPolitics,47.0000
CanadianRunners,3.0000
Canadian_ecigarette,4.0000
cancer,37.0000
CannabisExtracts,3.0000
CannabisExtractsDME,0.0000
canoecamping,7.5000
CanSkincare,4.0000
cantsleep,6.0000
canucks,11.0000
capetown,29.0000
capoeira,11.0000
CarAV,4.5000
Caravaneer2,3.0000
cardboard,8.0000
careeradvice,2.0000
careerguidance,12.0000
caregiversofreddit,2.5000
carpics,5.0000
carporn,2159.0000
CarruC,1.0000
cars,498.4167
Cartalk,10.0000
Cartomancy,1.0000
CartoonTubeAccount,1.0000
Car_laughs,89.0000
cassetteculture,28.0000
CastleClash,13.6667
CastRecordings,2.0000
CasualAMA,75.0000
CasualConversation,63.9375
casualiama,200.1818
CasualPokemonTrades,13.0000
cataclysmdda,2.0000
CatGifs,15.0000
catholicarchitecture,5.0000
Catholicism,15.3333
CatholicMemes,59.0000
CatholicParenting,1.0000
CatholicProgrammers,6.0000
catpics,21.0000
catpictures,106.0000
cats,17.8000
CatsandCosmetics,3.0000
CatsAreAssholes,87.0000
CatsISUOTTATFO,156.0000
catsonglass,321.0000
catspee,1.0000
CatsStandingUp,624.0000
CatTeamBrotherhood,16.0000
CaughtFucking,43.0000
CautiousBB,7.0000
cbradio,3.0000
ccent,2.0000
cchookups,3.0000
ccna,7.0000
CelebCumSluts,30.0000
celebnsfw,1542.5000
CelebrityAnus,13.6667
CelebrityButts,4.0000
celebritylegs,25.6667
CelebrityNipples,104.0000
Celebs,2633.0000
CelebSexScenes,81.0000
CelebsMX,35.0000
Celica,6.0000
Celtic,27.0000
celtics,3.0000
CentralLouisiana,4.0000
centralmagnet,4.0000
centurylink,1.0000
Ceramics,13.0000
CeX,1.0000
cf4cf,8.0000
CFB,84.0000
cfnm,207.0000
CGCarPorn,31.0000
CGPGrey,492.5000
chadvangaalen,3.0000
Chair,5.0000
ChallengeAccepted,0.0000
Challenger,22.0000
chan,9.0000
change,3.0000
Changeling_Girl,3.0000
changelog,148.0000
changemyview,484.6000
changetip,37.6667
channeling,4.0000
channelsofyoutube,6.0000
chapmanuniversity,5.0000
Charger,32.0000
Chargers,0.0000
Charlotte,58.5000
ChaskaQT,0.0000
Chaturbates,8.0000
chaturbatetokengratis,0.0000
chch,25.0000
cheatatmathhomework,1.0000
Checklists,1.0000
CheekiBreeki,4.0000
Chefs,5.0000
chemhelp,1.0000
chemistry,7.0000
chemtrails,8.0000
CHERUB,4.0000
chessporn,16.6667
chicago,25.5000
ChicagoBlackhawks,10.0000
chicagobulls,25.0000
ChicagoSuburbs,1.0000
ChicksWithGuns,15.0000
ChicoCA,5.0000
chihuahuas,7.0000
childfree,98.0000
ChildrenFallingOver,662.2500
childtheories,36.0000
chiliadmystery,25.0000
chillmusic,7.0000
China,17.6000
Chinavisa,17.0000
ChinaVloggers,2.0000
Chinese,1.0000
Chipotle,3.0000
chistesmalos,2.0000
ChocolateMilf,176.0000
ChoosingBeggars,312.4286
christcore,16.0000
ChristianApologetics,6.0000
ChristianHardcore,2.0000
Christianity,543.0000
christianitygaming,7.0000
christinahendricks,191.0000
christmas,359.0000
ChristmasMusic,6.0000
chrome,12.3333
chromeapks,2.0000
Chromecast,12.0000
Chromemasterrace,0.0000
chromeos,20.2000
ChronicPain,8.0000
chronotrigger,12.0000
chrubuntu,2.0000
chrysler,6.0000
chubby,681.5000
chuckecheesefreakout,3.0000
ChudFuckersInAction,9.0000
chunz,1.0000
ChurchofRise,6.0000
churning,10.5000
cigars,36.5000
cincinnati,6.0000
Cinemagraphs,2254.0000
Cinemassacre,2.0000
cinematography,6.0000
CineShots,170.0000
circadianrhythm,1.0000
circlejerk,183.3636
Cisco,24.0000
CitiesSkylines,386.0000
CityPorn,1539.0000
civ,90.0000
civilengineering,6.0000
CK2GameOfthrones,7.0000
CLAMP,2.0000
ClamTaco,2.0000
ClanRedditRebels,3.0000
ClanRegimeOmega,1.0000
ClarenceCartoon,0.0000
ClashOfClans,356.4000
ClashOfClansRecruit,2.0000
classic4chan,849.0000
classicalmusic,29.5000
classiccars,41.0000
classicminis,8.0000
ClassicOandA,17.0000
classics,3.0000
ClearlyDelusional,1.0000
cleftlip,8.0000
cleganebowl,25.0000
Clemson,2.0000
CleverOmegle,2.0000
CLG,0.0000
ClickerHeroes,6.0000
clicksforbeermoney,2.0000
climate,4.0000
climbing,17.0000
ClimbingPartners,4.0000
ClopRP,0.0000
CloudFlare,0.0000
CLTP,3.0000
ClubNintendoTrade,1.0000
ClubPenguin,3.0000
CMH,8.0000
cna,10.0000
CNC,5.0000
Coal_Burners,11.0000
COC,1.0000
cock,11.0000
cocks,3.0000
cocktails,106.0000
CoCMutiny,7.0000
CodAW,65.2857
CODClanHQ,1.0000
CoDCompetitive,217.6667
code,3.0000
CodeCombat,3.0000
codeprojects,0.0000
Coffee,25.0000
Coilporn,3.0000
coin,1.0000
CoinMX,1.0000
coins,13.0000
CoinSwap,3.0000
colbertreport,29.0000
coldwave,6.0000
colinfurze,1.0000
collage,0.0000
collapse,11.2500
Collections,7.0000
college,23.6667
CollegeBasketball,56.5000
Collodion,8.0000
color,0.0000
Colorization,38.0000
ColorizedHistory,1572.5000
Columbo,10.0000
Columbus,0.0000
ColumbusSocial,6.0000
CombatFootage,963.5000
Comcast,7.0000
Comebacks,3.0000
comedybangbang,41.0000
ComedyCemetery,165.5000
comeonandslam,16.0000
comicbattles,2.0000
comicbooks,30.6667
comics,2140.6667
comics18_story,401.0000
comicswap,3.3333
CommandBlocks,3.0000
Commercials,3.0000
communism,268.0000
compactmc,2.0000
CompetitiveHotS,2.0000
CompetitiveHS,12.5000
complaining,2.0000
Composing,3.5000
compsci,29.0000
CompulsiveSkinPicking,8.0000
computertechs,18.0000
computervision,5.0000
conan,9.0000
ConanTravels,14.5000
concatenative,3.0000
condiments,12.0000
confession,337.2857
ConfessionBear,35.3333
confessions,16.0000
confidence,24.0000
ConfusedBoners,909.0000
Connor,4.0000
Conservative,91.0000
conspiracy,176.0000
ConspiracyGrumps,0.0000
conspiratard,22.0000
Construction,9.0000
consulting,9.0000
ContagiousLaughter,1655.6667
ContemplatingPJ,2.0000
ContestOfChampions,17.0000
Contortionists,0.0000
controversialiama,8.5000
conworlds,2.0000
CookieCollector,8.0000
CookieCollector2,0.0000
Cooking,241.6667
Coprophiles,20.5000
copypasta,35.6667
cordcutters,34.0000
cordialminuet,15.0000
coredump,12.0000
corejerk,30.0000
corgicoin,4.0000
corgis,12.0000
CornDogwithMustard,2.0000
Corsair,3.0000
corsetsnsfw,42.0000
cosplay,191.0000
CosplayBoobs,79.0000
cosplaybutts,48.0000
cosplayers,0.0000
cosplaygirls,386.0000
Costco,0.5000
cougars,63.0000
CougarsAndCubs,0.0000
counterstrike,0.0000
country,12.0000
CourtroomJustice,56.5000
coventry,3.0000
coversongs,5.0000
Covetfashion,0.0000
cowboybebop,256.0000
cowboys,10.0000
coys,7.0000
CozyPlaces,605.0000
crackpackservers,3.0000
crafts,347.7500
craigslist,23.0000
CrappyDesign,3223.8750
CrappyGames,3.0000
crappymusic,6.6667
CrazyHand,24.0000
CrazyIdeas,9.0000
CrazyMassreview,1.0000
creampie,2.0000
creampiegifs,201.5000
creampies,271.0000
creative,1.0000
creepy,2754.4167
creepygaming,7.0000
creepypasta,53.0000
creepyPMs,758.0000
CreepyThoughts,44.5000
CreepyWikipedia,45.0000
creppy,5.0000
cringe,2064.7273
CringeAnarchy,1033.7000
cringepics,7050.5000
cringevids,7.0000
CringeWorthy,7.5000
cripplingalcoholism,4.0000
CriticalTheory,22.0000
CRM,2.0000
croatia,17.0000
CrocodileTears,80.2500
CronoMusic,3.0000
crossdressing,38.0000
crossfit,16.0000
CrossStitch,14.3333
Crowdfunding,13.0000
CRPG,4.0000
cruisers,14.0000
CrusaderKings,39.8333
cryosleep,26.0000
CryptoCurrency,18.0000
CryptoTrade,2.5000
Cryptozoology,5.0000
cs50,0.5000
cscareerquestions,8.0000
CSEducation,1.6667
csgobetting,64.4000
csgotrade,1.0000
Csgotrading,1.0000
CSGO_NadeTactics,1.0000
csshelp,4.0000
csun,2.0000
csworkshop,2.0000
Cubers,174.0000
CubeWorld,471.5000
Cubs,6.0000
Cuckold,34.0000
cuckoldcaptions,47.0000
CuckoldCommunity,15.0000
cuckoldstories,7.0000
cuddlebuddies,3.0000
cuddling,7.0000
cults,2.0000
CumAgain,122.0000
cumfetish,475.0000
CumHaters,260.0000
CumKiss,184.0000
cumplay_gifs,104.0000
cumselfies,48.0000
cumshots,127.0000
cumsluts,1265.0000
CumSwap,113.0000
cumtributes,2.0000
cunnilingus,214.0000
CUNT,4.0000
Curls,76.0000
curlyhair,72.0000
curvy,128.0000
cutdowndrinking,12.0000
CuteGuyButts,11.0000
cuteguys,24.5000
cutouts,38.0000
CuttingWeight,2.0000
CyanideandHappiness,173.0000
cyanogenmod,7.5000
cybermonday,0.0000
Cyberpunk,71.0000
Cyberpunk_Music,11.0000
cyberunions,6.0000
Cyborg009,1.0000
cycletouring,2.0000
cycling,9.0000
cyka,31.0000
Cynicalbrit,12.0000
CynthiaKrystopolski,0.0000
C_AT,7.0000
C_Programming,40.0000
Dabs,3.5000
dadjokes,0.0000
DadReflexes,1435.6000
dailyprogrammer,65.0000
dailyscripts,4.0000
Dallas,70.5000
DallasStars,25.5000
damngoodinterracial,165.0000
DamnInteresting,7.0000
Damnthatsinteresting,3033.0000
danganronpa,14.0000
dangerousdesign,110.0000
DanHarmon,2.0000
Danishlaqueristas,3.0000
dankmaymays,7.0000
dank_meme,46.0000
Danny,6.0000
darefukingtestreddit,1.0000
darknessreborn,1.0000
darknet,12.0000
Darknetmarketnoobs,2.3333
DarkNetMarkets,46.3667
DarkNetMarketsNoobs,4.0000
darknetplan,19.0000
darksouls,56.6667
DarkSouls2,33.1429
DarkSoulsHelp,18.0000
Darksydephil,4.0000
DarwinAwards,92.0000
DashCoin,1.0000
DataHoarder,35.0000
dataisbeautiful,5777.0000
datascience,7.6667
datasets,5.0000
DatGuyLirik,18.0000
dating,0.0000
dating_advice,1.0000
dave,11.0000
davematthewsband,12.0000
DavesofThunder,2.0000
DavidGemmell,3.5000
DavidKeckisGay,1.0000
davidlynch,9.0000
DawgPound,3.0000
dawngate,0.0000
dawnofwar,15.0000
DayM,6.0000
DayOfDefeat,6.0000
DaystromInstitute,171.0000
dayz,3.0000
DayZServers,2.0000
dbz,551.0000
de,192.0000
deadburg,1.0000
deadislandepidemic,4.0000
deadmau5,25.0000
deadofwinter,12.0000
DeadOrAlive,6.0000
deadpool,498.0000
DeadSpace,34.0000
DeafGifs,5.0000
deals,16.0000
deathban3000,1.0000
deathgrips,0.0000
deathnote,82.0000
DeathsBffCSS,2.0000
DeathValleyNP,7.0000
DebateAChristian,16.0000
DebateReligion,77.0000
DebateVideos,3.0000
DebbieHarry,13.0000
DebunkThis,16.0000
declutter,13.0000
Decor,1.0000
deductivereasoning,1.0000
DeepIntoYouTube,1321.0000
DeepMeds,2.0000
DeepThoughts,6.0000
deepthroat,90.0000
deerhunting,1.0000
DeLand,13.0000
Delaware,7.0000
Delightfullychubby,878.0000
delusionalartists,2107.0000
Demonoid,1.0000
Demoscene,18.0000
Denmark,33.0000
Dentistry,1.0000
Denton,4.0000
Denver,10.0000
DenverBroncos,0.0000
depression,88.5714
DepthHub,5.0000
desertporn,20.0000
Design,2.0000
DesirePath,305.0000
dessert,41.0000
Destiny,68.0000
DestinyGaymers,1.0000
DestinyJournals,37.0000
DestinyTheGame,358.5802
destruct,2.0000
DetailCraft,112.0000
detonatormasterrace,4.0000
DetroitRedWings,5.0000
devcpp,5.0000
developer,1.0000
devils,9.0000
devops,3.0000
devtest,1.0000
DexNav,16.0000
dfsports,45.0000
diabeats,7.0000
Diablo,1.0000
Diablo360andPS3,8.0000
Diamonds,1.0000
dickpics,5.0000
dicks,16.0000
digimon,178.4000
digitalarts,1.0000
DigitalHistory,4.0000
DigitalMarketing,1.0000
digitalnomad,5.0000
dillion_harper,259.0000
dinnerbone,1.0000
Dinosaurs,1.0000
DinosaursWithRockets,10.0000
dioramas,6.0000
dip,0.0000
DippingTobacco,45.7500
DirecTV,3.0000
DirtyFamilyPhotos,275.0000
dirtykik,5.0000
dirtykikpals,5.2500
dirtypenpals,11.6000
dirtyr4r,2.5455
Dirtyskype,1.0000
dirtysmall,414.5000
DirtySnapchat,10.0000
discdyeing,27.0000
discexchange,1.0000
discgolf,494.0000
Disco,3.0000
Discussion,2.0000
DiscussTheOpenLetter,18.0000
dishwashers,7.0000
disney,38.5000
Disneyland,83.7500
Dissociation,3.0000
distension,462.0000
distortedview,6.0000
Disturbed,5.0000
Diverticulitis,6.0000
DIY,1601.3333
DIYfail,71.5000
DIYGear,4.0000
diysynth,14.0000
DIY_eJuice,11.6667
dmenu,7.0000
DMT,50.5000
DMZCraft,2.0000
DnB,12.0000
DnD,785.3125
DnDGreentext,156.0000
dndnext,74.1667
doc,27.0000
Documentaries,631.4000
Dodge,125.0000
DodgerGifs,39.0000
dodgerscirclejerk,8.0000
DOEBUHC,2.0000
DoesNotTranslate,32.6667
DogeChinese,3.0000
dogecoim,3.0000
dogecoin,10.0000
DogeCoinPIF,10.0000
dogetipbot,15.0000
DogPeople,13.0000
dogs,28.7778
dogshaming,145.0000
Dogtraining,9.0000
DomesticGirls,223.0000
donaldglover,6.0000
dontstarve,51.3333
doodles,107.0000
DoomMods,2.0000
Doppleganger,43.0000
dosgaming,0.0000
DotA2,237.7727
DotA2CG,3.0000
dota2draft,0.0000
Dota2Guilds,2.3333
dota2redesign,0.0000
dota2scripting,4.5000
Dota2Trade,5.0000
Dota2VODs,3.0000
DotaConcepts,21.0000
dotamasterrace,27.0000
DoubleFried,1.7500
downtimebananas,25.0000
DPH,4.0000
dp_porn,22.0000
dragonage,162.4545
DragonAgeCoOp,15.0000
dragoncon,13.0000
dragonfable,2.0000
DragonNest,1.0000
dragonsofatlantishack,0.0000
dragonvalehack,1.0000
drawing,0.0000
drawme,1.0000
Dreadlocks,76.0000
Dreamhack,2.0000
Dreams,28.0000
dreamscene,4.0000
drubk,7.0000
Drugba,1.0000
DrugNerds,120.0000
Drugs,129.6190
Drumming,1.0000
drums,60.0000
drunk,1063.5000
DrunkuHighku,3.0000
DSLs,25.0000
DSP,1.0000
DTG,9.0000
Dualsport,12.0000
dubai,1.3333
dubstep,17.0000
Ducati,22.0000
ducksintheway,36.0000
dudewheresmyoras,3.0000
DumpsterDiving,8.0000
DungeonQuest,1.0000
duolingo,23.5000
dustin,4.0000
dvdcollection,8.0000
dvorak,10.0000
dwarffortress,1.0000
DwarfFortress101,3.0000
dwarvendistrict,1.0000
dxm,10.0000
dyke,20.0000
dykesgonewild,155.0000
Dyllznyland,1.0000
DYR,3.0000
dysphorialogs,3.0000
E90,8.0000
EAfifapc,6.0000
EAGLEROCK,3.0000
eagles,451.0000
eallyPointless,1.0000
earningbitcoin,5.0000
earthbound,109.0000
EarthPorn,10.2000
earthporngonecuddly,50.0000
EatCheapAndHealthy,583.3333
EatingDisorders,6.0000
ECE,4.0000
ecigclassifieds,16.4000
ecigs,2.0000
ecig_vendors,7.0000
EckhartTolle,4.0000
ecommerce,5.0000
economicCollapse,4.0000
economy,2.5000
ecr_eu,28.0000
Ecstasy,1.0000
eczema,6.0000
EDC,323.6667
EDF,5.0000
EDH,49.0000
Edinburgh,4.0000
editlines,5.0000
editors,6.5000
EDM,18.5000
Edmonton,9.5000
edmproduction,21.7500
EDMProductionTeam,24.0000
education,1.0000
educationalgifs,2406.0000
Effexor,2.0000
eightytwo,1.0000
ejuice,1.0000
EJuicePorn,41.0000
elderscrollsonline,48.6667
eldertrees,38.0000
electricdaisycarnival,3.6667
ElectricForest,56.6667
electricians,38.0000
electronicmusic,36.6000
electronics,267.0000
electronic_cigarette,112.4407
elementaryos,4.0000
ElgatoGaming,2.0000
EliteDangerous,83.8571
EliteTraders,102.0000
elite_wings,1.0000
ellensburg,1.0000
elm,8.0000
EmbarrassedNude,15.0000
EmilyBloom,195.0000
EmilyBloomsPussy,79.0000
Eminem,157.0000
Empaths,15.0000
ems,115.3333
emulation,22.0000
enail,3.0000
EndlessLegend,0.0000
ENFP,17.0000
engaged,16.0000
engineering,68.0000
EngineeringDocs,9.0000
EngineeringPorn,35.0000
EngineeringStudents,128.5000
Engineers,1.0000
EngorgedVeinyBreasts,189.5000
Enhancement,23.0000
EnigmataStellarWar,3.0000
Enneagram,9.0000
EnoughLibertarianSpam,331.0000
EntExchange,1.0000
entheogens,5.0000
entitledparents,29.3333
entj,3.0000
Entomology,13.0000
Entrepreneur,121.3500
environment,257.6667
eonticket,10.5000
epic,4.0000
Epilepsy,11.0000
equesting,4.0000
ereader,2.0000
eroticauthors,7.1667
Ethiopia,5.0000
ethnomusicology,7.0000
ets2mp,4.0000
Etsy,27.0000
etymologymaps,52.0000
eu4,43.5714
EuroCoins,6.0000
europe,369.6667
Eve,64.3333
evememes,4.0000
evenewbies,25.0000
eveonline,1.0000
everymanshouldknow,291.0000
everyteenshouldknow,7.0000
EvilGeniusesCOD,27.0000
EvilMinecraft,2.0000
EvW,1.0000
Ewwducational,77.0000
excel,42.0000
excgarated,17.0000
Exileonline,1.0000
Exittors,10.6667
exjw,470.5000
exmormon,37.0000
exmormon_nsfw,10.0000
exmuslim,14.0000
ExNoContact,61.5000
exoticpets,11.0000
expats,3.0000
ExpectationVsReality,362.0000
ExperiencedVapers,3.0000
ExpertsTips,0.0000
explainlikeimfive,1174.2353
Explosion_Gfys,42.5000
exredpill,2.0000
extrawoods,101.7500
Exxxtras,56.0000
Eyebleach,2905.0000
f7u12_ham,80.3333
FabulousFerds,6.0000
FacelessTheGame,3.0000
facepalm,3081.0000
Facer,14.5000
Faces,97.6667
facesitting,403.0000
Facinoras,1.0000
factorio,12.6667
fail,28.0000
fairphone,7.0000
fairytail,7.0000
fakeid,8.0000
fakingit,7.5000
fallenlondon,11.0000
Fallout,3533.0000
FalloutHumor,110.0000
FalloutMods,9.0000
falloutnewvegas,1.0000
falsemetal,4.0000
familyguy,52.0000
familyguythegame,5.5000
FamilyTrees,4.0000
FancyFollicles,128.0000
fandomnatural,20.0000
FantaFriday,35.0000
Fantasy,163.0000
fantasyfb,2.0000
fantasyfootball,110.5714
fantasyhockey,20.0000
FantasyLife3ds,73.0000
fantasywriters,15.0000
Fantasy_Bookclub,4.0000
FanTheories,101.1667
fapfactory,63.0000
faponher,103.0000
fappeningdiscussion,58.0000
faproulette,38.0000
Fapucational,40.0000
farcry,10.5714
FarCry4,30.4000
farmingsimulator,44.0000
fascist,4.0000
FashionPlus,8.0000
FashionReps,5.0000
fashionscape,17.0000
FatassesToBadasses,3.0000
fatbike,22.0000
fatestaynight,48.8000
fatlogic,331.0000
fatpeoplestories,368.0000
Fatsoshop,250.5000
fbb,20.0000
fdroid,5.0000
FedoraFederation,41.0000
Feeder,3.0000
feedthebeast,24.0000
feedthebeastservers,1.0000
feet,102.5000
FellowKids,580.5000
femalebodybuilding,24.0000
femalechastity,133.0000
FemBoys,224.0000
FemdomCommunity,35.0000
FergusonRebellion,4.0000
festivals,11.0000
fetish,17.0000
FETISH_COLLECTION,35.0000
Fett,1.0000
ff5fjf,3.0000
ffallstars,1.0000
FFCommish,11.0000
ffxi,38.0000
ffxiv,20.3636
FFXIVLamia,2.0000
fibwquks,1.0000
FierceFlow,69.0000
FIFA,282.5000
FifaCareers,35.0000
fifaclubs,3.0000
FIFACoins,13.0000
FifaUTWagers,0.0000
fifaworldcheats,1.0000
FiftyFifty,408.0000
Fighters,6.5000
fightporn,28.0000
fights,74.0000
FilmIndustryMiami,2.0000
Filmmakers,1.2500
FilthyFrank,37.5000
FinalFantasy,0.0000
finalfantasyx,6.0000
FinancialCareers,0.0000
financialindependence,1.5000
findanentwifefriend,6.0000
findapath,7.0000
findareddit,31.6667
finishmysentence,2.0000
Firearms,23.0000
fireemblemcasual,5.0000
firefox,33.0000
Fireteams,14.8333
fireTV,2.3333
firetvstick,6.0000
Fire_Emblem_R34,9.0000
FirstWorldConformists,156.0000
Fishing,424.0000
FistBros,3.0000
fistofthenorthstar,4.0000
fitbit,3.0000
fitmeals,361.0000
Fitness,766.8214
FitshionVSFatshion,136.0000
fittings,9.0000
Fiveheads,346.0000
FiveNightsAtFappys,14.0000
fivenightsatfreddys,83.7045
FiveNightsatFuckboys,0.0000
Fixxit,4.0000
FlashingGirls,192.0000
flashlight,6.0000
FlashTV,203.5556
flicks,29.0000
Flipping,21.4000
Flirt_Sex,2.0000
FlockBots,1.5000
FloridaMan,1885.0000
floridawoman,4.0000
Flubbityfloop,1.0000
flyfishing,28.0000
flying,5.0000
FML,29.5000
FNaFb,5.6667
foamcore,8.0000
FODMAPS,31.0000
foldingathome,5.0000
folk,68.0000
FolkPunk,9.6667
FollowMyLyric,1.0000
foobar2000,7.0000
food,1759.8571
FoodArizona,22.0000
FoodDev,5.0000
Foodforthought,44.0000
FoodPorn,1234.6667
Foofighters,26.0000
footballmanagergames,36.0000
footpain,1.0000
Ford,2.0000
FordFocus,3.0000
fordranger,6.0000
FordTrucks,5.0000
foreignpolicy,1.0000
foreskin,53.6667
ForestHills,2.0000
ForeverAlone,41.3333
ForeverAloneDating,2.0000
Forgecraft,0.0000
forgeofempires,4.0000
forgottenwebsites,16.5000
forhire,5.5714
formerteenspot,2.0000
formula1,265.2500
ForTheAllureOfPhysics,2.0000
fortwayne,10.0000
forumgames,2.0000
forwardsfromgrandma,2027.0000
forwardsfromhitler,63.0000
fosterdogs,5.0000
FoundPaper,31.0000
fountainpens,49.1667
foxes,380.0000
FoxyGen,3.0000
fpvracing,5.0000
Fracking,1.0000
fragrance,5.0000
france,17.3333
Frankenbike,8.0000
freakazoid,2.0000
freakout,2.0000
FREE,0.0000
freebies,2430.0000
FreeBits,333.0000
Freeclams,35.7500
FreedomForCatalonia,3.0000
FreedomWars,6.0000
freedonuts,78.6364
FreeEBOOKS,20.0000
freeflight,5.0000
FreeKarma,25.7500
freelance,15.0000
freeletics,4.0000
Freerun,2.0000
freerunning,1.0000
FreeSeattleTimes,1.0000
freesoftware,5.0000
freeuse,30.0000
freexxxvideos,1.0000
friendsafari,2.6000
FriendsOfVinyl,10.0000
Friendzone,1.0000
Frisson,461.7500
Frozen,11.5000
frs,6.5000
Frugal,1304.1667
FrugalFemaleFashion,13.0000
FrugalKeto,6.0000
frugalmalefashion,1715.0000
fsu,16.0000
ftfy,8.0000
FtMPorn,46.0000
FTM_Gaming,4.0000
fubslandia,3.0000
fuckcoop,550.0000
FuckedUpTits,24.0000
fuckingphilosophy,18.0000
FuckingWithNature,373.5000
FuckMarryOrKill,46.8148
fuckmusic,8.0000
FuckOff,5.0000
fuckreddit,21.0000
fuckrussia,5.0000
fuckthepolice,15.0000
FudgeRPG,3.0000
FULLCOMMUNISM,38.0000
FullLengthFilms,128.0000
FullmetalAlchemist,85.0000
FullMovieGifs,43.0000
fullmoviesonyoutube,24.2143
FullSizeJeep,14.0000
FullSkateVideos,13.0000
funny,2443.7381
funnycharts,1735.0000
funnyfatkid,2.0000
FunRun2,1.0000
funsized,108.0000
funwithmattandmarissa,49.0000
furniture,2.0000
furry,158.7500
furryjerk,15.0000
FurryKikPals,1.0000
Furry_RP,5.0000
fursona,7.0000
Futadomworld,15.0000
futanari,66.0000
Futon,3.0000
futurama,2698.0000
futurebeats,1.0000
futureworldproblems,8.0000
Futurology,1220.2500
fuuka,1.0000
FYFFest,2.0000
G37,5.0000
g3nx,1.0000
gabefoundthisonreddit,0.0000
gabencoindev,1.0000
gadgets,398.3333
gainers,11.0000
gainit,81.0000
GakiNoTsukai,50.0000
GalaxyNote3,14.0000
galaxynote4,11.5000
GalaxyS3,4.0000
galaxys4,6.0000
galaxys5,10.5000
GalaxyS5Active,2.0000
gallifrey,82.0000
Gameboy,114.0000
gamecheats,1.0000
gamecollecting,149.5000
GameDeals,345.5000
gamedev,145.8571
gameDevClassifieds,13.0000
gamegrumps,188.6667
gameideas,19.0000
Gameing,0.0000
gamemaker,2.0000
gamemusic,28.8333
GameofThronesAscent,2.0000
GamePhysics,2939.0000
GamerGhazi,50.0000
GamerPals,4.6667
Games,691.3684
GameSale,1.3333
GamesOfGlory,2.0000
gameswap,3.0000
gametales,125.0000
GameTrade,1.0000
gaming,1342.4667
gamingsuggestions,9.5000
garandsgw,0.0000
gardening,16.0000
gay,70.0000
gaybears,102.0000
gaybros,31.0000
gaybrosgonemild,107.5000
GaybrosGoneWild,268.8182
Gaycouplesgonewild,96.0000
gaycruising,2.0000
gaycumsluts,111.5000
gaydadbigdick,28.1818
gayfootfetish,6.0000
GayGifs,456.0000
gayincest,52.0000
GayKikPals18Plus,2.0000
GayKink,11.0000
Gaymer,1.0000
gaymers,10.0000
gaymersgonewild,108.0000
GayMexico,4.0000
gaynsfw,1.0000
gayotters,98.0000
gaypornhunters,8.3333
gaypornwithplot,19.0000
gaysiansgonewild,29.0000
GBA4iOS,6.0000
GCSE,3.0000
GCXRep,1.1875
Gear4Sale,2.0000
GearVR,8.5000
geekandsundry,4.0000
GeekFeminists,8.0000
GeekTool,16.0000
GemsofWar,3.0000
Gemstones,3.3333
genderfluid,9.0000
genderqueer,12.0000
Genesis,4.0000
gentlemanboners,1143.0000
Geoengineering,6.0000
GeoffAndCo,2.0000
geology,44.0000
geologyporn,120.0000
geometrydash,3.0000
GeometryWars3,2.0000
geophysics,3.0000
German,29.0000
GermanFacts,30.0000
GermanMovies,8.0000
GermanRap,23.0000
germanshepherds,77.0000
germany,0.0000
GestationalDiabetes,1.0000
GetMotivated,32.0000
gfur,87.0000
Gfurcomics,57.0000
gfycat,7.0000
ghettoglamourshots,212.0000
Ghost,0.0000
GhostAdventures,47.0000
GhostReconPhantoms,1.0000
Giantess,11.0000
gibberish,5.0000
GIFCreators,7.0000
gifmeapp,4.0000
gifs,4635.4000
giftcardexchange,9.7500
GiftofGames,60.0000
GiftOfGamesCSS,1.0000
gigantic,0.0000
gilf,188.0000
GIMP,3.0000
ginger,2897.0000
gingerguys,60.0000
GirlGamers,42.5000
girlscontrolled,62.0000
Girlsdoporngifs,9.0000
GirlsFinishingTheJob,774.8000
girlsgonewired,13.0000
GirlsinSchoolUniforms,99.0000
GirlsMirin,793.5000
GirlsPlayingSports,81.0000
girlspooping,17.0000
GirlsWithHeadTowels,35.0000
GirlsWithiPhones,88.0000
gis,12.0000
GISscripts,5.0000
GiveMeTheVirus,2.0000
glassheads,11.0000
glitch_art,409.0000
Glitch_in_the_Matrix,294.0000
GlobalOffensive,846.2286
GlobalOffensiveTrade,16.4063
GlobalPowers,7.0000
Glocks,43.0000
GLRP_EastBlue,2.0000
gmod,6.5000
gmu,4.0000
GNV,2.0000
goats,187.0000
GodofWar,21.0000
Godsgirls,60.0000
GODUS,2.0000
goingtohellforthis,116.0000
golang,14.0000
goldbenefits,59.1429
GoldenRealm,8.0000
goldenretreivers,4.0000
goldenretriever,0.0000
GoldenSun,93.0000
golf,83.5000
golfclassifieds,2.0000
GolfGTI,38.5000
gonecivil,353.7500
GoneMild,358.8125
gonewild,796.2991
gonewild30plus,389.0000
gonewildaudio,54.3182
gonewildcolor,429.5000
gonewildcouples,96.0000
gonewildcurvy,372.4167
gonewildphotographers,3.0000
GoneWildPlus,265.1579
GoneWildSmiles,69.0000
GoneWildSmilesGents,59.0000
gonewildstories,230.3333
GoneWildTrans,110.0000
GoneWildTube,265.7500
GonspiracyCrumps,17.0000
GoodGuyTurtle,2.0000
GoodValue,10.6667
google,286.6667
GoogleCardboard,10.0000
googlemusic,6.0000
Googleplayredeem,0.0000
googlepoems,40.0000
gopro,30.4167
GoRVing,6.5000
goth,9.0000
GothamSeddit,14.0000
Gothic,7.0000
GothStyle,33.0000
gout,1.0000
GradSchool,3.0000
GrandTheftAutoV,539.5000
GrandTheftAutoV_PC,20.3333
GraniteBay,0.0000
gratefuldead,157.0000
gravityfalls,30.7500
greentext,338.0000
Green_Anarchism,6.0000
gridgame,2.0000
grilledcheese,6574.5000
grime,17.0000
grinderporn,7.0000
grindr,10.0000
GripTraining,74.5000
grool,313.2500
groupsex,164.0000
gshock,1.0000
GTA,10.5000
gta5,16.5000
gtaglitches,16.2500
GTAMarket,2.0000
gtamodding,0.0000
gtaonline,12.0000
gtaonlinehax,0.0000
GtaPedestrians,11.0000
GTARant,7.0000
GTAV,93.0000
GTAVadventures,10.0000
gtavcustoms,62.0000
GTAVstocks,1.0000
gue,4.0000
guessmyage,2.0000
Guessmyname,4.0000
GuessThatGender,28.2500
guessthefrenchmovie,7.0000
guildrecruitment,3.5000
Guildwars2,27.6667
GuiltyPleasureMusic,27.5000
Guitar,558.5000
guitarpedals,234.5000
guitars,5.0000
gulag,45.0000
guncontrol,19.0000
Gundam,12.5000
gundeals,0.0000
Gunners,2.0000
Gunnm,3.0000
Gunpla,5.0000
GunsAreCool,14.0000
Gunsforsale,11.5000
GunslingerMusic,5.0000
guro,29.0000
gurrenlagann,7.0000
Guyver,2.0000
gwbooks,60.0000
gwcumsluts,322.0000
GWNerdy,153.5000
gypsyjazz,9.0000
h1z1,0.0000
habbo,2.0000
hackernews,1.0000
hacking,201.0000
hackintosh,11.5000
Hackmons,3.0000
hackrf,5.0000
hacktivism,3.0000
haes,60.5000
HAESSuccessStories,111.0000
haikugonewild,47.0000
haircareexchange,2.0000
HaircareScience,10.0000
halfasian,33.0000
halo,480.0000
HaloPlayers,4.6667
HamFest,5.5000
Hammers,20.0000
handbra,8.0000
HappyBirthday,5.0000
happycrowds,207.0000
happytreefriends,2.0000
hardbodies,2908.0000
hardcoreaww,929.0000
HardcoreSex,30.0000
harddanceproduction,3.0000
hardwareswap,10.9091
Harley,13.0000
Harmontown,26.0000
HaroldPorn,81.0000
harrypotter,860.8571
harvestmoon,47.0000
hashtagsassubreddits,1.0000
haskell,107.0000
Hatfilms,89.0000
hatred,2.0000
HatsStandingUp,1.0000
Hawaii,9.0000
hawaii2,6.0000
Hawken,23.0000
hawks,2.5000
hbogoshare,0.0000
hbt,0.0000
hcfmemes,1.5000
hcteams,5.0000
Head2HeadMG,26.0000
Headdit,10.0000
headphones,16.4286
Health,1.0000
HealthAnxiety,6.0000
healthcare,1.0000
healthIT,8.0000
HealthyWeightLoss,1.0000
HearthArena,31.0000
hearthstone,294.5758
heathenry,8.0000
Heavymind,616.5000
heinlein,5.0000
Helicopters,64.0000
help,2.5000
hens,0.0000
hentai,305.3333
HephaestusAetnaean,1.0000
Herbalspaceprogram,35.0000
HereInMyCar,134.0000
heresy,10.0000
hermitcrabs,26.0000
HermitCraft,2.0000
heroesofthestorm,72.1538
HeroSiege,3.0000
Herpes,6.0000
HFY,128.2727
hiddenwow,101.0000
highheelsNSFW,144.0000
HighQualityGifs,76.5000
HighschoolDxD,23.0000
Hindi,3.0000
hinduism,9.0000
hiphop,2.0000
hiphop101,2.5000
Hiphopcirclejerk,62.0000
hiphopheads,711.6667
HipHopImages,487.5000
Hips,90.0000
hipsterracism,13.0000
hireaprogrammer,1.0000
HireaWriter,3.0000
HistoricalReenactment,8.0000
history,860.2000
HistoryPorn,150.0000
HistoryWhatIf,155.0000
Hitchcock,4.0000
hitomitanaka,34.0000
HITsWorthTurkingFor,6.0000
hoarding,13.0000
hoboformac,3.0000
hockey,600.2000
hockeyFandom,17.0000
HockeyGoaltending,1.0000
hockeyjerseys,10.0000
hockeyplayers,19.6667
hockeyquestionmark,14.0000
HogwartsRP,6.0000
hokey,27.0000
holdmybeer,2881.0000
holdmycosmo,55.0000
holdmyjuicebox,251.0000
HoldMyNip,351.6667
holdthemoan,1577.0000
holocomment,1.0000
holofractal,23.0000
homeautomation,10.0000
Homebrewing,183.0000
HomeBusiness,1.0000
homedefense,9.0000
HomeImprovement,21.0000
homeland,106.5000
homeless,11.0000
homemadexxx,169.0000
HomeNetworking,9.0000
homesecurity,3.0000
HomeServer,17.0000
HomestarRunner,434.0000
homestead,57.0000
Homesteading,23.0000
homestuck,40.4000
hometheater,18.7500
Honda,63.6667
honey,3.0000
hookah,14.3333
hookup,0.0000
HorriblyDepressing,335.0000
horror,31.5000
Horrorcore,3.0000
Horses,232.0000
hospice,1.0000
Hosting,0.0000
Hot100,279.0000
HotAsianMilfs,101.0000
Hotchickswithtattoos,73.0000
Hotdogging,74.0000
HotGirlsInComics,5.0000
hotpast,23.0000
HOTSmartWatch,1.0000
Hotwife,62.8333
Hotwifecaption,29.0000
HotWifeRequests,4.6667
Hot_Women_Gifs,267.0000
House,20.0000
houston,5.7500
Howrse,7.0000
howstuffworks,4.0000
howto,58.0000
HowToHack,28.5000
HPfanfiction,27.0000
HSPulls,40.5000
htcone,13.0000
htpc,16.0000
Hue,12.0000
Hugeboobshardcore,114.0000
HugeDickTinyChick,203.0000
hugefutanari,83.0000
hugenaturals,108.0000
HughesNet,3.0000
Hulugans,3.0000
Humanoidencounters,11.0000
HumanPorn,76.0000
Hungover,6.0000
HunterXHunter,2.0000
Hunting,165.3333
HuntsvilleAlabama,2.0000
hvacengineers,2.0000
HybridAnimals,1050.0000
Hyperkin,1.0000
hypnosis,8.0000
HyruleWarriors,34.5000
Ialomita,4.0000
IAmA,1735.4000
IAmSelling,0.0000
iamverycool,6.0000
Iamverydumb,13.0000
iamverysmart,6877.0000
iamverystrong,30.0000
IASIP,608.0000
iateacrayon,33.0000
IBO,6.0000
ibs,51.0000
ICanDrawThat,5.0000
Iceland,29.0000
ICleanedMyRoom,69.0000
iCloud,3.0000
IconicImages,246.0000
IdeasForELI5,1.0000
IdeasForIAmA,1.0000
ideasfortheadmins,8.0000
ideavalidation,2.0000
IDecidetheContext,260.0000
idm,12.0000
IDontWorkHereLady,623.0000
ifitfits,37.0000
ifoundagun,28.0000
ifttt,37.6667
ifuckinghatecats,10.0000
Ifyouhadtopickone,80.0000
ifyoulikeblank,11.6667
IguanadonsEverywhere,1.0000
iJustine,3.0000
ikelen,8.0000
illegaltorrents,2.0000
illuminate,1.0000
illusionporn,458.0000
illustrator,4.0000
im14andthisisdeep,1427.0000
ImageStabilization,213.0000
image_linker_bot,3.0000
ImaginaryArrakis,28.0000
ImaginaryBattlefields,100.0000
ImaginaryBoners,170.0000
ImaginaryCarnage,42.0000
imaginarycosmere,2.0000
ImaginaryForests,32.0000
ImaginaryHorrors,192.0000
imaginarymaps,152.0000
ImaginaryNobles,30.0000
ImaginarySeascapes,48.0000
ImaginaryStarships,42.0000
ImaginaryTurtleWorlds,138.0000
ImaginaryWalls,11.0000
ImaginaryWorldEaters,63.0000
imagus,4.0000
imax,5.0000
ImGoingToHellForThis,3600.8000
immigration,2.3333
impega,1.0000
imperiumsinefine,1.0000
inboundmarketing,10.0000
InboxInvites,2.0000
incest,43.0000
IncestComics,40.0000
IncestGifs,181.0000
IncestPersonals,8.0000
incremental_games,79.3333
indeedca,1.0000
IndependentBaseball,4.0000
indepthstories,28.0000
india,40.8000
IndiaInvestments,12.0000
indianpeoplefacebook,1584.0000
IndianTeens,78.0000
IndiaTourism,1.0000
indie,42.0000
IndieCovers,6.0000
indiegames,42.0000
indiegameswap,1.2000
indieheads,57.0000
indieheadscirclejerk,19.0000
Indiemakeupandmore,12.5000
indoorkids,7.5000
industrialengineering,3.0000
infinitecrisis,2.0000
infiniteflight,0.0000
InfiniteJest,2.0000
infinitejukebox,4.0000
infiniti,2.0000
infj,19.6667
infjpenpals,5.0000
infp,39.5000
InfrastructurePorn,673.0000
Ingress,25.7500
INGuns,9.0000
Inhumans,3.0000
injusticegodshack,1.0000
InjusticeMobile,17.0000
inlaws,3.0000
inquisitionsliders,105.6667
insanity,2.0000
InsideGaming,22.0000
insideJorahshead,90.0000
Instagram,20.8000
instantbarbarians,341.2500
instantkarma,0.0000
instant_regret,2041.7500
Insurance,1.9231
InsurgenceTrades,7.0000
insurgency,1.0000
INTELLECTUALPROPERTY,3.0000
interactiondesign,3.0000
interestingasfuck,4398.2000
InteriorDesign,1.0000
InternetIsBeautiful,1590.8571
internetparents,26.0000
interracial_HTML5,4.0000
interstellar,152.1429
inthelittlewood,6.0000
inthemix,1.0000
intj,18.0000
intjpenpals,2.0000
INTP,43.0000
Introvert_Connection,7.0000
intrusivethoughts,495.0000
invasivespecies,8.0000
investing,237.5000
Invites,1.5000
ios,1.0000
iOS8,5.0000
iOSemulation,17.0000
iosgaming,15.5000
iOSProgramming,7.0000
iOSthemes,44.3810
ipad,76.3333
iphone,16.4444
iphone6plus,1.0000
iPhoneMasterRace,6.0000
IPO,1.0000
iran,0.0000
Iraq,2.0000
iraqconflict,6.0000
ireland,6.5000
IrelandGoneWild,32.0000
irishtourism,3.0000
ironforcediamonds,1.0000
isaacharacters,22.0000
isfp,10.5000
IsItBullshit,38.0000
islam,59.0000
IslamicStateNews,3.0000
IsolatedVocals,10.0000
isp,2.0000
ISTJ,6.0000
italianlearning,10.0000
italy,19.0000
itmejp,36.0000
itookapicture,2152.5000
ITRPCommunity,2.6667
itrplolz,2.0000
itslenny,11.6667
IWantOut,37.0000
IWantToLearn,44.5000
jacking,67.5000
Jaguars,20.8333
jailbreak,61.2667
JailbreakPirates,10.0000
Jakadasnake,1.0000
jakeandamir,8.0000
jakerdum,0.0000
japan,2.0000
JapaneseFood,22.0000
JapaneseGameShows,84.0000
japanesemusic,5.0000
japanlife,12.0000
japannews,18.0000
javahelp,1.5000
javascript,7.0000
JavDownloadCenter,58.0000
Jawbone,10.0000
Jazz,27.6667
JDM,6.0000
Jeep,9.0000
Jeepups,3.0000
JeffBoss,2.0000
jenkinsci,2.0000
jennyscordamaglia,33.6667
Jenova,3.0000
jerksguild,1.0000
jerseyclub,19.0000
JetpackJoyride,1.0000
jewelry,48.2000
jews,3.0000
JiffyBot,65.0000
jilling,130.0000
jimlast3,2.0000
jobs,15.6667
Jobs4Bitcoins,1.0000
jobsearch,3.0000
jobuds,37.5000
Joe56780,7.0000
joeperks,1.0000
JoeRogan,40.0000
john,3.0000
johndiesattheend,6.0000
JohnFahey,4.0000
johnyjohnyyespapa,15.0000
joi,97.0000
jointhestory,3.0000
Jokes,2901.7692
JonTron,78.5000
jonwolf,35.0000
jrotc,2.0000
Judaism,14.0000
judo,3.0000
Juggernips,50.0000
juicyasians,191.0000
Juneau,19.0000
jungle,10.0000
JungleFever,80.0000
Junk,2.0000
junkjack,6.0000
JurassicPark,172.0000
jurassicworld,5.0000
JustEngaged,19.0000
Justfuckmyshitup,441.0000
justgirlythings,42.0000
JusticePorn,4467.0000
justloveherbutt,9.0000
justneckbeardthings,704.8000
Justridingalong,32.0000
Justrolledintotheshop,626.0000
JustUnsubbed,77.0000
Ju_Jutsu,6.0000
k12,5.0000
KagneyLinnKarter,55.0000
Kairosoft,56.0000
KamenRider,9.6667
kandi,28.5000
kangabros,61.0000
kansascity,57.5000
KansasCityChiefs,3.0000
Kanye,270.5000
Kappa,44.0000
KappaSigma,10.0000
Karambit,0.0000
karaoke,8.0000
karate,65.0000
KarmaCourtBlog,6.0000
KAT,1.0000
Katie580s,1.0000
katyperry,679.0000
KatyPerrysPrivates,32.0000
Kawaii,8.3333
kde,2.0000
kek,7.0000
Kemetic,4.0000
KenM,268.0000
KerbalMissions,6.0000
KerbalsGoneWild,44.0000
KerbalSpaceProgram,162.9231
ketamine,8.0000
keto,12.5000
ketogains,28.7500
ketorecipes,312.6667
keyboardshortcuts,13.0000
kfc,3.0000
khiphop,7.0000
kickstarter,6.5000
Kikpals,1.0000
kiljaeden,1.0000
Killoah,0.0000
killthosewhodisagree,226.0000
kindle,44.4000
KindLend,2.0000
KingdomHearts,46.0000
KingkillerChronicle,30.0000
KingOfTheHill,27.0000
KingstonOntario,6.0000
KINK,21.0000
Kirby,7.0000
kitchen,2.0000
KitchenConfidential,84.0000
kitchener,5.5000
Kitsap,8.0000
kittehcoin,6.0000
kittensgame,1.0000
KittyKittyKeyboard,2.0000
kizomba,14.0000
kjcouple,4.0000
KMP,3.0000
knifeclub,26.0000
knives,145.3333
KnivesCuttingThings,3.0000
Koans,5.0000
kohi,1.5000
korae,2.0000
korea,27.0000
Korean,8.0000
Koreanfilm,3.0000
koreangirls,116.0000
korrasami,932.0000
KotakuInAction,467.9091
kotor,42.0000
kpics,222.5000
kpop,75.0000
kpopfap,353.5000
kratom,1.6667
KratomKorner,4.5000
krisplf,1.0000
kristenbell,196.0000
krugerpark,3.0000
KSPFlags,26.0000
KSPMemes,80.0000
KualaLumpur,4.0000
Kuwait,2.0000
Kyoto,0.0000
l4d2,5.0000
l5r,3.5000
LabiaGW,203.6667
labrats,2.0000
LadyBoners,114.3333
ladybonersgw,287.1333
LAGalaxy,7.0000
LagunaBeach,1.0000
LagWagon,3.0000
lakeporn,30.0000
LAlist,26.0000
landskrona,2.0000
language,1.0000
languagelearning,57.0000
language_exchange,15.6667
lanterncorps,5.0000
lapfoxtrax,3.0000
laptopama,3.0000
LaptopOnDesk,5.0000
laramie,3.0000
LasVegas,3.0000
latinas,174.0000
LatinMUA,8.0000
lawofattraction,14.5000
LawSchool,146.5000
lazy,7.0000
lbregs,17.0000
lcfc,63.0000
leaf,17.0000
leagueoflegends,536.5345
learnart,23.5000
learndota2,2.0000
learnexcel,5.5000
LearnJapanese,9.0000
learnjava,4.0000
learnlanguages,4.0000
learnmath,5.0000
LearnMeteor,3.0000
learnprogramming,315.6000
learnpython,12.6667
LearnUselessTalents,12.0000
Learn_Rails,0.0000
LeatherTutorials,3.0000
leaves,330.3333
lebanon,4.0000
Leeds,4.0000
legaladvice,251.0000
LegalTeens,2124.0000
legendofdragoon,6.0000
leggingsgonewild,113.5000
LegionOfSkanks,6.0000
legitbodyjewelry,3.0000
lego,2202.0000
Legomarket,3.0000
legotrade,2.5000
Leipzig,0.0000
lememes,1.0000
LemonsWithFacesOnThem,21.0000
lemonzoidberg,2.0000
lenny,3.0000
Lenovo,0.0000
LesbianGamers,7.0000
lesmiserables,5.0000
Lesnaa,45.0000
LetsNotMeet,406.2000
letsplay,3.0000
LetsPlayCritiques,2.0000
LetsTalkMusic,75.0000
letterpress,2.0000
lewronggeneration,2173.5000
Lexus,0.0000
lfg,4.3333
LGBTeens,7.0000
LGBTGoneWild,28.0000
LGBTrees,1.0000
LGBTreesGoneWild,36.0000
lgg2,22.0000
LGG3,27.1429
lggwatch,9.0000
LIberalCrimeSquad,5.0000
Libertarian,211.0000
libertariancopypasta,7.0000
lido,2.0000
LIents,4.0000
Life,0.0000
LifeAdvice,1.5000
LifeIsFeudal,6.0000
LifeProTips,1902.4167
LifeRPG,24.0000
Lightberry,1.0000
Lightbulb,243.0000
Lightning,6.0000
LightNovels,9.8000
Lightpack,11.0000
lincoln,8.0000
linux,463.6000
linux4noobs,4.0000
LinuxActionShow,4.0000
linuxadmin,25.0000
linuxmemes,96.0000
linuxmint,11.0000
linuxquestions,1.5000
linux_gaming,108.5000
LipsThatGrip,728.0000
LiquidSky,2.0000
listentoremoved,0.0000
listentothis,239.7273
listofponies,1.0000
litecoin,18.0000
literature,17.0000
literotica,19.0000
littlebigplanet,9.5000
littlecolt,1.0000
LITTLEPERSONALS,5.0000
littlespace,7.0000
LiveLeak,21.0000
livelife,2.0000
LiverpoolFC,99.3333
livingofftheland,27.0000
lloydminster,5.0000
LNI,2.0000
localcarenthusiasts,2.0000
LocalDetailing,5.0000
LockerRoom,69.0000
LockHTML3,7.0000
LocoRoco,1.0000
LodestoneSecretBases,1.0000
LogHorizon,19.0000
logodesign,46.0000
Logos,0.0000
lol,5.0000
Lolita,27.5000
LOLStreams,1.0000
loltumblr,53.0000
LondonMemeClub,6.0000
LondonSocialClub,28.0000
loneliness,8.0000
LonelyForest,5.0000
LONESTAR,65.0000
LongBeards,41.0000
longboarding,169.6667
LongboardingMeetup,1.0000
LongDistance,9.0000
longform,6.0000
longrange,139.0000
Longreads,2.0000
longtext,8.8000
lookatmydog,18.0000
Lordosis,95.0000
LordsOfMinecraft,2.0000
LosAngeles,5.6667
loseit,464.3333
lost,75.0000
LostShard,3.0000
lotr,1313.5000
louisianaents,0.0000
LoveToWatchYouLeave,118.0000
lowcarb,2.0000
lowpoly2d,25.0000
LSA,9.0000
LSD,165.6667
LSDRevamped,13.0000
LucidDreaming,32.6667
LucieWildeIsRetarded,71.0000
Luck,0.0000
luelinks,3.0000
lumosity,3.0000
Luna_Lovewell,137.5000
LushCosmetics,9.0000
Lymphedema,2.0000
MAA,66.0000
mac,45.0000
macapps,30.0000
MachineLearning,1.0000
MachinePorn,26.0000
macsetups,154.0000
Madden,17.0000
maddenmobilebuysell,12.0000
MaddenUltimateTeam,41.7500
madeforsin,7.0000
MadeOfStyrofoam,8.0000
madethism,0.0000
madmen,66.0000
Magic,84.0000
Magicdeckbuilding,4.0000
MagicQuarter,1.0000
magicTCG,133.2857
MAguns,4.5000
maille,37.5000
MakeMeFeelBetter,2.0000
makemychoice,6.0000
MakeNewFriendsHere,2.5000
maker,25.0000
MakeupAddiction,513.8182
makeupexchange,6.2857
MakeUpExchangeEU,5.0000
makeyourchoice,94.0000
makinghiphop,13.0000
Makita,2.0000
MaladaptiveDreaming,6.0000
malefashion,46.0000
malefashionadvice,429.6667
MaleFashionMarket,3.0000
malefasionadvice,1.0000
MaleFemme,6.0000
malefragranceadvice,1.0000
malehairadvice,131.0000
malelivingspace,104.0000
mallninjashit,114.0000
ManagedByNarcissists,24.0000
manchester,5.0000
ManchildLifehacks,8.0000
Mandalorian,3.0000
MandelaEffect,104.0000
mandolin,21.0000
manga,66.3750
MangaPod,16.5000
mangaswap,2.0000
mangonewild,25.0000
manhwa,2.0000
manipal,9.0000
mansun,5.0000
MANvsGAME,6.0000
Maplestory,6.0000
MapPorn,46.0000
Marc,1.0000
marchingband,14.0000
MarcoPolo,20.0000
marfans,6.5000
Marijuana,0.0000
marijuanaenthusiasts,1843.0000
marines,1.0000
marketing,77.8000
MarkMyWords,78.0000
martialarts,223.5000
MartialLaw,2.0000
Marvel,119.2000
marvelheroes,219.0000
marvelstudios,60.0000
maryland,42.5000
maschine,4.5000
Maserati,3.5000
mashups,217.3333
maskx,1.0000
masseffect,106.2500
masserect,240.0000
MassiveCock,109.1667
Mass_Effect_Porn,37.0000
MasterHand,2.0000
mastersrunning,14.0000
masteryi,1.0000
mastodonband,3.0000
masturbation,6.0000
math,278.0000
mathrock,14.0000
maximumfun,12.0000
maxpayne,7.0000
mazda,29.5000
mazda3,6.0000
mazda6,6.0000
MBA,6.0000
mbti,4.0000
MCAmbrosia,4.0000
Mcat,38.5000
MCFC,3.0000
mcgill,35.0000
McLounge,9.0000
MCSRep,1.0952
mctesters,0.0000
MDMA,16.5000
mealtimevideos,209.0000
mech,4.0000
MechanicAdvice,2.0000
mechanicalheadpens,15.0000
MechanicalKeyboards,44.7273
mechanical_gifs,447.0000
mechatronics,2.0000
MechGuides,33.0000
mechmarket,2.2000
medical,2.6667
medicalschool,67.0000
MedievalMusic,25.0000
Meditation,36.5000
MeditationPractice,3.0000
medlabprofessionals,36.0000
MeetLGBT,3.0000
MEGA,8.0000
Megaten,121.0000
Melanoma,4.0000
MelissaDebling,168.0000
memes,889.2000
Meme_Graveyard,112.0000
Memories,2.0000
men,1.0000
MenGetRapedToo,5.0000
MenInLingerie,4.0000
menlaughingwithsalad,59.0000
menofwar,13.0000
menshealth,2.7500
menslegs,26.0000
MensRights,740.6667
mensrightslaw,6.0000
MensRightsMeta,0.0000
mentalhealth,19.0000
men_in_panties,10.0000
MerchantRPG,8.0000
Metal,61.0000
Metalcore,12.0000
metalgearsolid,402.2500
Meteor,9.0000
me_irl,2856.0000
mfacirclejerk,375.0000
mflb,14.0000
mfw,87.5000
MGTOW,138.0000
Miami,3.0000
MichaelGreenwood,1.0000
micheatsr,0.0000
Michigan,46.0000
microgrowery,11.0000
MicroPorn,76.0000
microsoft,6.0000
microsoftsoftwareswap,6.0000
MidEastRegionalWar,5.0000
midimusic,2.0000
midori,11.0000
Mid_Century,7.0000
MiiverseInAction,98.0000
mikrotik,5.0000
mildlycreepy,44.0000
mildlydepressing,100.0000
mildlydisgusting,33.0000
mildlyinfuriating,5626.3333
mildlyinteresting,1875.2500
mildlyterrifying,80.0000
mildlyvagina,98.0000
MilenaVelba,29.0000
milf,1020.0000
Military,0.0000
MilitaryGfys,320.0000
MilitaryPorn,229.0000
millionairemakers,2388.2000
mindblown,0.0000
Minecraft,943.3750
Minecraft360,3.0000
MinecraftCirclejerk,21.5000
MinecraftHeads,4.0000
MinecraftMod,2.0000
MinecraftOne,1.5000
MinecraftPS4,3.0000
minecraftserverlist,12.0000
minecraftsuggestions,35.0000
MineSmash,7.0000
MINI,5.0000
MiniDayZ,2.0000
minimalism,10.0000
MinimalWallpaper,36.0000
Miniswap,2.0000
minnesota,55.5000
MinnesoTagPro,4.0000
minnesotaunited,13.0000
minnesotavikings,8.3333
MinoMonsters,1.0000
MinorMistakeMarvin,8.0000
minot,3.0000
MintMasterRace,2.0000
misleadingthumbnails,2171.5000
misophonia,11.5000
mistygates,90.0000
MitziDyson59w2015,0.0000
mixes,2.0000
MLM,0.0000
MLPIOS,20.0000
MLPLounge,10.0000
MLS,653.0000
MMA,138.7500
mmgirls,31.0000
mmo,4.0000
MMORPG,10.7500
MMTonight,1.0000
MnGuns,5.0000
mobileDJ,5.0000
mocdottidder,1.0000
ModafinilCat,3.5000
modapointlesssub,2.0000
modclub,16.0000
ModdingMorrowind,1.0000
ModelsGoneMild,207.0000
modeltrains,1.0000
ModelUSGov,18.0000
moderatepolitics,16.5556
ModerationLog,1.0000
ModernMagic,41.0000
Modern_Family,164.0000
ModestMouse,43.0000
molom,0.0000
Monitors,11.0000
monocular,5.0000
Monologue,5.0000
Monstercat,31.1000
MonsterGirl,278.0000
MonsterHunter,3.0000
monstersquad,1.0000
MonsterStrike,6.5000
montageparodies,55.3333
montreal,39.0000
Mooning,145.0000
morbidlybeautiful,1284.0000
MorbidReality,889.0000
mordheim,11.0000
mormon,32.0000
MormonDoubtingTeen,7.0000
Morrowind,6.0000
moto360,4.0000
motocamping,14.0000
MotoG,14.0000
MotorcyclePorn,69.0000
motorcycles,53.0000
MotoX,44.0000
MoundofVenus,174.6667
mountandblade,71.5000
MouseReview,3.3333
MovieQuotes,1.0000
movies,577.5854
moviescirclejerk,204.0000
Moviesinthemaking,257.0000
MRW,30.0000
ms20,8.0000
msp,20.0000
mspaintrequests,2.0000
msu,1.0000
MtF,63.0000
mtgcube,34.6667
mtgfinance,22.0000
mtgoxinsolvency,21.0000
mtmox,0.0000
mturk,4.0000
muacirclejerk,760.0000
MUD,9.0000
mueflair,1.7778
Multicopter,15.7778
MultiplayerPiano,5.0000
multiwall,26.0000
mumble,1.0000
Mummies,2.0000
MURICA,1682.0000
MURS_radio,2.0000
Muse,44.0000
MuseumOfReddit,747.3333
Mushrooms,3.0000
Music,124.2500
musicabuena,1.0000
MusicBattlestations,13.0000
musiceducation,1.0000
musiciansblogs,0.0000
MusicInTheMaking,1.0000
Musicthemetime,3.0000
musictheory,68.0000
MusicVideos,3.0000
Muskegon,3.0000
Mussolini,7.0000
mwobuilds,5.0000
mybrideisamermaid,4.0000
mycology,696.0000
myfreecams,1.0000
myfriendwantstoknow,35.0000
mylittleconspiracy,19.0000
mylittlepony,27.6667
MyLittleShellbullet17,3.0000
MyLittleSupportGroup,9.4000
mymusic,2.0000
MyOwnCreation,3.0000
MyPeopleNeedMe,4559.0000
mysongoftheday,2.0000
myspace,2.0000
MysteryDungeon,8.0000
mysterygiftexchange,1.0000
myterribleneighbors,9.0000
Mythruna,1.0000
n64,21.0000
NaijaSMS,1.0000
Namecoin,7.0000
NameMyCSGOItem,3.0000
NameMyTF2Item,1.0000
NameThatSong,1.5000
nancydrew,18.0000
Nannies,4.0000
Napoleon,6.0000
NarcissisticAbuse,10.0000
Naruto,637.3846
NarutoArena,3.0000
NarutoBattleGrounds,6.0000
nasalsnuff,3.0000
NashvilleEnts,8.0000
NatalieDormer,199.0000
natebernot,5.0000
NathalieEmmanuel,122.0000
nationalguard,2.0000
natureismetal,516.0000
naughtydog,5.0000
Navia,57.0000
navyseals,4.0000
nba,580.0000
NBA2k,6.6000
nbafiftyfifty,54.0000
NECBrooklineMTG,0.0000
NeckbeardNests,72.0000
neckbeardstories,161.1111
needadvice,28.0000
Needafriend,5.0000
needforspeed,1.0000
neko,24.0000
neography,7.0000
NEOHBeer,3.0000
NeoliberalConspiracy,3.0000
neopets,6.0000
nerdist,16.0000
nerds,6.5000
Nerf,5.0000
NerfExchange,2.0000
Nest,8.0000
netflix,23.0000
NetflixBestOf,634.2500
netsec,0.0000
networking,11.5714
neurodiversity,5.0000
neurofibromatosis,4.0000
NewarkDE,7.0000
newbritain,4.0000
NewDelhi,1.0000
newjersey,7.0000
NewJerseyNYRangers,1.0000
NewNarnia,2.0000
NewOrleans,0.0000
news,168.7826
NewSkaters,15.0000
newtothenavy,13.0000
newtown,5.0000
newzealand,695.5000
New_Eden_Link_Bot,6.0000
New_Tattoos,0.0000
nexus4,2.6667
Nexus5,28.6250
nexus6,17.8571
Nexus7,6.0000
Nexus9,16.6000
NFC,11.0000
nfl,489.1667
NFL_Draft,75.0000
nhl,22.0000
niceguys,935.6000
Nicememes,39.0000
nickelodeon,2.0000
nickelodeonafterdark,132.0000
Nicki_Minaj,62.0000
NickyIsAGayBoy,1.0000
nidhogg,8.0000
nightvale,38.0000
Nikon,2.0000
NinjaWarriorGyms,1.0000
nintendo,129.0000
nintenod,2.0000
nintype,2.0000
NippleRipple,77.0000
nipslip,172.0000
NIRVANATRADINGCIRCLE,5.0000
Nisekoi,7.0000
NMBU,3.0000
NoContract,13.0000
node,53.5000
nodewebkit,9.0000
NoFap,249.4800
NoFapChristians,0.0000
NoFapWar,0.0000
nofx,10.0000
NoGameNoLife,18.0000
noisecomps,6.0000
noisefuck,5.0000
noisygifs,281.0000
NoMansSkyTheGame,6.5000
nonononoyes,1659.0000
nonononoyesno,124.0000
nonoyesyesnonononono,24.0000
nonprofit,3.0000
Nonprofit_Jobs,1.0000
Nootropics,42.8000
noplastic,4.0000
NoPoo,17.6667
norge,102.0000
normalnudes,124.0000
norsk,47.0000
NorthCarolina,27.0000
Northviewhigh,1.0000
Norway,7.0000
noseonarug17,1.0000
nosleep,1137.7879
NoSleepSleuths,5.0000
NoSleepVideos,10.0000
nostalgia,696.0000
NoStupidQuestions,66.5556
NotBirdsWithArms,49.0000
note3,3.0000
notinteresting,15.0000
notreallyfamous,179.0000
NotSoUsefulWebsites,2.0000
nottheonion,1220.0000
NotTimAndEric,150.0000
NotYourMothersReddit,1.0000
nova,12.0000
No_Cry_Challenge,78.0000
NPD,1.0000
nrl,25.0000
nsfw,2868.8571
NSFW411,216.0000
nsfwanimegifs,36.0000
nsfwasmr,8.0000
nsfwcelebs,143.0000
nsfwcosplay,215.6667
NSFWFunny,1571.0000
nsfwgif,30.5000
nsfwhardcore,183.0000
NSFWIAMA,48.0000
nsfwshoops,2.0000
NSFWskype,2.0000
nsfwvideos,24.0000
nsfw_archive,2.0000
NSFW_GIF,2124.8333
nsfw_gifs,989.0000
NSFW_Hardbodies,108.0000
NSFW_HTML5,485.0000
NSFW_Snapchat,148.0000
nucleardawn,6.0000
NuclearThrone,2.0000
nuggets,1.0000
numberstations,18.0000
numerology,3.0000
nursing,8.0000
nutrition,51.5000
nuzlocke,21.0000
nvidia,6.0000
nycpics,24.0000
nyjets,2.0000
nzgonewild,14.0000
NZOutdoors,3.0000
obama,4.0000
ObscureMedia,217.0000
occult,44.0000
Occupy,11.5000
OCD,18.0000
oceangrunge,23.0000
OCPoetry,32.0000
oculus,76.0000
oculus_linux,1.0000
oddlysatisfying,4062.2857
OfficeFurnitureNow,1.0000
OfficialClassic36,2.0000
OfficialHTM,1.0000
offmychest,270.0000
offthegame,13.0000
OhCumOn,15.0000
Ohior4r,5.0000
oilandgasworkers,1.0000
oilers,8.0000
OkCupid,82.3333
OKtrees,3.0000
OldLadiesBakingPies,716.0000
OldPeople,15.0000
OldSchoolCool,1906.0000
oldschoolcreepy,88.5000
oldtrailers,2.5000
omegle,3.0000
omgbeckylookathiscock,385.5000
Omnipotent_League,9.5000
OnceUponATime,21.0000
onebag,28.5000
OnePiece,102.0000
oneplus,88.3333
OnlineAffairs,6.0000
OnOff,1289.5000
oOshmeggityOo,2.0000
opendata_pt,3.0000
OpenHacker,6.0000
openholes,43.0000
OpenPV,59.0000
openscad,1.0000
OpenSignups,6.0000
openstack,11.0000
openwrt,1.0000
Opeth,19.6667
opiaterollcall,9.0000
opiates,20.6667
OpiatesRecovery,7.0000
opieandanthony,3.0000
OpTicGaming,9.0000
Optics,11.0000
optometry,2.0000
orangeisthenewblack,62.0000
orangeisthenewurban,2.0000
Orbiter,23.0000
OrchidsOnTrees,3.0000
oregon,17.5000
OregonCoast,5.0000
OrganicGardening,8.0000
orgmode,6.0000
orphanblack,14.0000
OSHA,3064.0000
Osteopathic,6.0000
OSU,1.0000
osugame,127.7500
osx,12.0000
OSXTweaks,14.0000
OtakuClub,0.0000
OtherkinInAction,30.0000
ottawa,1.5000
Outdoors,145.0000
Outerra,13.0000
OutOfTheLoop,173.6667
OutreachHPG,16.5000
OutsideNude,28.0000
OVER30REDDIT,25.0000
overclocking,3.0000
overthegardenwall,56.0000
Overwatch,128.6667
OwenSound,3.0000
oxycodone,1.0000
Ozma,4.5000
ozshow,17.0000
O_Faces,461.0000
PacificCrestTrail,7.5000
PACyber,1.0000
paducah,5.0000
pagan,20.0000
painal,277.5000
painting,77.5000
Paleo,44.3333
palmbeach,0.0000
PanicParty,5.0000
papersplease,51.0000
paradoxplaza,3.5000
Parahumans,56.6667
Paranoia,3.0000
Paranormal,89.6667
Parenting,126.2857
paris,19.0000
ParkourTeachers,4.0000
parrots,233.5000
ParticlePhysics,4.0000
PassivHaus,1.0000
passtheblend,7.0000
PastAndPresentPics,61.0000
Pathfinder_RPG,35.0000
pathofexile,15.0000
patience,2.0000
patientgamers,12.0000
PatrickKane,2.0000
Patriots,0.0000
Pattaya,0.0000
pawg,612.0000
PAXChecker,2.0000
paydaytheheist,170.5000
pc98,3.0000
pcars,21.6667
pcgames,2.0000
pcgaming,186.0000
pcmasterrace,641.8667
pcmasterracents,11.0000
pcmods,10.0000
PCMRCircleJerk,10.0000
peacecorps,5.0000
PeaceCorpsVolunteers,9.0000
peakoil,10.0000
PeakyBlinders,35.2500
pebble,8.0000
peegonewild,56.0000
Pegging,30.6667
pelfie,81.9000
PelvicFloor,6.0000
penguins,3.0000
penis,33.3333
pennyboard,16.0000
pennystocks,4.0000
penpals,3.0000
penpalsover30,5.6667
PeopleBeingJerks,585.0000
Peppers,3.0000
PercyJacksonRP,4.5000
Perfectfit,811.0000
perfectloops,38.0000
PerfectPussies,176.0000
perktv,1.0000
Permies,3.0000
persona4golden,1.0000
PersonalDevelopment,2.0000
personalfinance,473.2800
PersonalFinanceCanada,20.5000
PersonOfInterest,4.0000
perth,11.4000
PerthEntz,0.0000
Pescetarian,1.0000
Pete,2.0000
Peter_Taylor,1.0000
Petioles,21.0000
petite,99.0000
PetiteGoneWild,913.5000
PetPeeves,2.0000
Pets,3.0000
pettyrevenge,1892.0000
phantogram,7.0000
phantomcompany,1.0000
pharmacy,8.0000
philadelphia,29.0000
Philippines,2.4286
philology,0.0000
phish,5.0000
phlgbt,6.0000
PhoenixR4R,3.6667
phoneverification,2.0000
photoclass2015,63.0000
photogrammetry,2.0000
photography,52.1111
photomarket,2.0000
photoshopbattles,3750.5000
PhotoshopRequest,1.0000
PHP,0.0000
phpstorm,2.0000
physicianassistant,7.0000
Physics,18.0000
piano,37.0000
pickuplines,42.0000
picrequests,2.0000
pics,2660.9024
picsofabortions,9.0000
PicsOfHorseVaginas,83.0000
PieceOfShitBookClub,8.0000
Pieces,10.0000
pillowtalkaudio,7.0000
PimpFeet,1.0000
PimpYourMomForKarma,454.6667
pinkfloyd,148.6667
Pinterest,33.0000
Pinz,2.0000
PipeClubs,5.0000
Pipes,6.0000
Piracy,38.0769
pitbulls,6.0000
PitchPerfect,12.0000
PiTV,2.0000
PixelArt,286.0000
Pizza,210.0000
PizzaDrivers,8.0000
pjswap,4.5000
PKMNRedditLeague,5.6667
pkmntcg,6.0000
pkmntcgreferences,1.0000
pkmntcgtrades,1.0000
PlanetOfTheApes,7.0000
Planetside,2.0000
PlantedTank,183.0000
PlasticSurgery,1.6667
PlayGauntlet,4.0000
playrust,1.3333
playstation,31.0000
PLCB,11.0000
PleX,18.5000
plexshares,6.3333
plugdj,1.0000
PMDD,5.5000
PnFExplorers,7.0000
pocketrumble,14.0000
podcasts,20.6667
podemos,42.0763
podemosEnkarterri,3.0000
podemosmairena,1.0000
PoesLaw,2.0000
poeslawinaction,15.0000
Poetry,12.5000
POETRYPrompts,7.0000
poetry_critics,8.0000
POF,32.0000
PointlessStories,298.6667
points2shop,4.0000
pokemon,255.8667
pokemonbattles,1.0000
pokemonconspiracies,17.0000
Pokemonexchange,2.0000
Pokemonfriendsafari,1.0000
Pokemongiveaway,15.8000
PokemonInsurgence,104.2000
PokemonPlaza,2.0000
pokemonrng,23.0000
pokemonshowdown,1.0000
pokemontrades,2.0000
PokemonTurfWars,3.0000
pokemonzetaomicron,3.0000
pokepo,12.0000
PokePorn,168.0000
poker,9.0000
pokercirclejerk,12.0000
PokerStaples,4.0000
pol,2.0000
polandball,1476.5714
Polandballart,36.0000
polevaulting,5.0000
PolishSoccer,3.0000
politcs,1.0000
POLITIC,2.2500
PoliticalDiscussion,10.0000
politicaleconomics,5.0000
PoliticalHumor,1.0000
politics,1057.5000
politicsnwar,12.0000
polka,3.0000
PollQuestions,1.5000
Polska,18.0000
Polyclay,10.0000
Polymath,3.0000
poor,10.5000
pootis,7.0000
PopCornTime,24.0000
popping,692.0000
poppunkers,37.0000
PoreProject,8.0000
pornfree,75.0000
pornID,36.6000
PornIsCheating,1.0000
PornStars,13.8571
pornvids,198.2000
porn_gifs,86.0000
Porsche,386.0000
Portland,21.6667
portraits,4.0000
portugal,7.0000
postearth,12.0000
PostHardcore,80.0000
PostLoop,6.0000
postmates,1.0000
postoffice,1.0000
PostPreview,6.3333
postpunk,9.0000
postrelay,2.0000
potionseller,5.0000
Pottermore,4.0000
PotterPlayRP,6.0000
Pottery,6.0000
POV,147.0000
powerlifting,4.5000
powersaves,1.5000
powersaves3ds,2.0000
PPLMVR,3.0000
PPSSPP,2.0000
Prague,2.0000
Precum,28.0000
PregnantSmoking,21.0000
premed,27.0000
prephysicianassistant,11.0000
preppers,40.0000
PrettyGirls,94.5000
PrettyGirlsUglyFaces,647.0000
prettylights,4.0000
prettyteenagers,11.0000
Primedice,1.0000
printmaking,73.0000
printSF,57.0000
prisonarchitect,318.0000
prius,3.0000
privacy,23.6667
PrivatEkonomi,6.0000
ProduceMyScript,5.0000
productivity,102.5000
progmetal,122.0000
ProgrammerHumor,727.5000
programming,279.3333
ProgrammingBuddies,3.0000
programmingforkids,5.5000
progresspics,2020.6667
project1999,4.0000
projectcar,11.0000
projectgorgon,0.5000
projectors,1.0000
projectzomboid,2.0000
PromoteGamingVideos,0.0000
Proofreading,1.0000
PropagandaPosters,418.0000
propellerporn,15.0000
ProRevenge,985.0000
ProstatePlay,6.0000
ProtectAndServe,1537.6667
ProveMeWrong,1.0000
ps2,14.0000
PS3,11.6250
PS4,62.1071
PS4Fireteams,2.0000
PSMinecraft,12.0000
PSNFriends,1.7500
PSSD,4.0000
psx,26.0000
psychedelicrock,22.0000
Psychic,4.0000
Psychonaut,48.6000
psychoticreddit,12.0000
ptcgo,4.0000
PublicBoys,136.0000
PublicFlashing,213.3333
PublicFreakout,596.4286
PublicPolicy,6.0000
Puffies,220.5000
pullback,1.0000
pulpfiction,2.0000
pulsatingcumshots,181.0000
PumaPlow,1.0000
punchablefaces,2075.2727
punchablenames,9.0000
punchout,10.0000
punk,69.0000
punkrockbowling,3.0000
puredata,4.0000
puremathematics,16.0000
Purityring,7.0000
PurplePillDebate,6.0000
Pushing,127.0000
pussy,701.0000
pussypassdenied,421.0000
puyopop,2.0000
PuzzleAndDragons,58.5000
puzzles,16.0000
puzzlesanddragons,0.0000
pvris,6.0000
pygame,14.0000
Pyongang,25.0000
Pyongyang,21.5000
Pyromaniac,1.0000
Pyrotechnics,0.0000
Python,189.0000
pythonforengineers,5.0000
qoq,4.0000
Quadcopter,41.0000
quake,3.0000
QuantifiedSelf,1.0000
quarterlifecrisis,4.0000
Quebec,7.0000
queerconlangers,10.0000
QueerTransmen,11.0000
QuentinTarantino,5.0000
QuickBooks,1.0000
QuikTrip,2.0000
quityourbullshit,2336.0000
quizrpg,2.0000
quotes,93.7500
QuoteSoup,1.0000
QuotesPorn,3786.0000
r4r,8.1538
r4rCanada,1.0000
r4rwi,3.0000
racinggames,2.0000
radiocontrol,22.0000
Radiology,9.0000
RadiusTP,10.0000
rage,995.5000
ragenovels,0.0000
RagnarokOnline,24.6667
raidsecrets,13.0000
rails,3.0000
Rainmeter,190.2857
raisedbynarcissists,409.6000
raiseyourdongers,13.0000
raisingmen,3.0000
rally,19.0000
RandiaRona,2.0000
RandomActsOfBlowJob,39.7222
RandomActsofCards,17.0000
randomactsofcsgo,119.0000
RandomActsOfGaming,94.0000
randomactsofkindness,24.0000
RandomActsofMakeup,13.0000
RandomActsOfMuffDive,5.6667
randomcomicpanels,13.5000
RandomKindness,72.3333
randomsexiness,1132.0000
Random_Acts_Of_Amazon,28.0000
randpaul,5.5000
Ranked_Girls,20.5000
rant,41.7500
raocflair,1.5000
rapbattles,8.0000
RapidCity,5.0000
Rappelz_Official,2.0000
raspberry_pi,379.5000
Rateme,192.9000
RateMyMayor,1.5263
RateMyNudeBody,394.3333
rational,7.0000
RATM,41.0000
ravenhaired,51.0000
ravens,5.0000
rawdenim,35.5000
RayDonovan,10.0000
razer,0.0000
RBA,20.0000
RBNBookClub,3.0000
RBNChildcare,13.0000
RCPlanes,9.0000
RCSources,8.0000
rct,53.0000
reactiongifs,3107.4286
reactionpics,0.0000
realasians,1953.0000
RealBoys,13.0000
realdubstep,18.0000
RealDubstepProducers,0.0000
RealEstate,96.0000
RealEstatePhotography,0.0000
RealGirls,3248.5714
realolderwomen,101.0000
RealParanormal,1.0000
ReAlSaltLake,4.0000
realscatgirls,59.0000
realsocialengineering,10.0000
realtech,1.0000
Rearcock,37.0000
reasonstolive,8.0000
ReBoot,14.0000
recipes,56.3333
recoilboobs,191.0000
recordstore,7.0000
RecreationalHypnosis,2.0000
RecruitCS,1.8571
Recruitment,1.0000
recycling,0.0000
Red,10.0000
reddCoin,24.0000
reddevils,0.5000
Reddit101,3.0000
redditalchemy,10.0000
RedditArmie,186.0000
redditbay,13.0000
redditcasual,12.0000
RedditCritiques,6.6667
RedditDads,36.0000
RedditDayOf,19.0000
RedditDirty,1.0000
redditdota2league,6.0000
RedditForGrownups,35.0000
redditgetsdrawn,131.5000
RedditInTheNews,9.0000
redditisfun,13.0000
RedditLegacyClan,11.0000
RedditLinkshell,4.0000
redditnotes,107.0000
redditnow,4.0000
REDDITORSINRECOVERY,8.0000
redditp,7.0000
RedditPhantom,1.0000
RedditRaidersCoC,9.0000
RedditRecords,3.0000
redditrequest,0.0000
redditsucks,10.0000
RedditTrophies,2.0000
redditwhiskey,6.0000
Reddit_FC,1.0000
reddit_news,2.0000
redhead,81.0000
redheads,1.0000
Redlish,2.0000
redneckfixes,69.0000
RedPillWomen,19.0000
Redskins,23.0000
redstone,0.0000
redstonegame,1.0000
ReefTank,42.5000
reelbigfish,6.0000
Reflections,60.0000
ReginaYap,2.0000
regularshow,17.0000
Reid,4.0000
relationships,377.9688
relationship_advice,33.2000
Relax,5.0000
RelevantXKCD,21.0000
Religon,1.0000
RELounge,1.0000
remindme,2.0000
RemindMeBot,6.0000
renaissanceman,3.0000
RepressedGoneWild,310.5000
Repsneakers,21.2500
reptiles,19.0000
republicwireless,15.0000
RESAnnouncements,213.5000
researchchemicals,7.0000
ResearchMarkets,6.0000
reservedx,1.0000
RESissues,14.5000
respectthreads,36.0909
restaurants,0.0000
restaurateur,4.0000
RestingBitchFace,2.0000
resumes,221.0000
retail,0.0000
retiredgif,651.0000
retrobattlestations,11.0000
RetroFuturism,805.5000
retrogameswap,1.5000
retrogaming,67.3333
retroshare,6.0000
ReversedGIFS,231.7500
reversegif,161.6667
reviewxyzm,1.0000
RhodeIsland,3.0000
Riced,8.0000
rickandmorty,690.0000
Ride,1.0000
rilakkuma,3.0000
RiotFest,1.0000
riotrewards,1.0000
ripcity,5.0000
riseofthebadlands,1.0000
Risk,2.0000
Roadcam,613.0000
roasting,4.0000
RobinHood,32.0000
roblox,8.0000
ROBLOXmemes,10.0000
Roboriders,1.0000
robotechrpgtac,3.0000
rocketbeans,6.0000
rockford,7.0000
roguelikes,77.5000
rokosrooster,3.0000
Roku,39.0000
rokugan,17.0000
Roleplay,4.0000
romance,2.0000
romani,0.0000
Romania,245.0000
RoomPorn,68.0000
roosterteeth,46.0000
rorschach,5.0000
roseanne,5.0000
roseonline,0.0000
ROTC,1.0000
RotMG,38.5000
rotmgguilds,1.0000
rotmgtradingpost,2.5000
rotmgvouches,1.0000
Rowing,19.0000
rpg,267.4000
RPGMaker,6.0000
rpgtables,25.0000
rpg_gamers,9.0000
RSI,4.0000
rSmite,1.0000
RsocialismMeta,3.0000
RSPS,7.0000
RTgamers,2.0000
rugbyunion,16.0000
RuinedOrgasms,309.5000
rule34,1407.2000
rule34gay,51.0000
rule34gifs,86.0000
Rule34Smite,1.0000
runemaster,3.0000
runescape,109.2857
Runner5,10.0000
RunnerHub,9.3333
running,778.4000
runningmusic,2.0000
runningshorts,34.0000
runwild,47.0000
rupaulsdragrace,19.6000
rush,36.0000
russia,9.0000
rutgers,1.0000
RWBY,11.0000
rwbyRP,5.2000
RyanMin,1.0000
Saber,19.6667
sad,160.0000
sadboys,91.0000
sadcomics,111.0000
safc,68.0000
SAHP,27.0000
saigon,1.0000
sailing,9.0000
Saints,163.0000
SaintsRow,15.0000
Sake,4.0000
salad,5.0000
sales,12.0000
SaltLakeCity,46.0000
SammiHanratty,16.0000
SampleSize,7.0000
SamuraiChamploo,16.0000
sanantonio,12.5000
SanBernardinoCity,6.0000
SandBoxxit,10.0000
sandiego,3.0000
sandiegoriders,9.0000
SandStorm,4.0000
sanfrancisco,7.0000
SanJoseSharks,4.5000
SantoDomingo,1.0000
sapiosexual,3.0000
saplings,7.0000
sarahpaulson,1.0000
sarajevo,1.0000
SauceforNSFWads,61.0000
Savant,12.0000
SawanoDrop,10.0000
Sayaka,26.0000
SayAnything,7.0000
Scams,21.5000
scaredshitless,34.6667
scarletacres,16.0000
ScarlettMadison,41.0000
scenefab,1.0000
ScenesFromAHat,44.5000
schizophrenia,3.0000
SchoolIdolFestival,13.8750
science,894.0000
sciencefiction,53.0000
scienceofdeduction,3.0000
ScienceTeachers,1.0000
ScienceUncensored,1.0000
scientificglasswork,3.0000
ScientismToday,5.0000
scifi,26.0000
scissoring,35.0000
Scorpions,4.0000
Scotch,466.0000
ScotchSwap,13.3333
scottwalker,3.0000
SCP,130.5000
screamingfish,123.0000
screencaps,2.0000
ScreenJunkies,1.0000
screenshots,1.0000
Screenwriting,59.6667
Scrubs,59.0000
scuba,33.0000
Sculpture,15.0000
Seafood,9.0000
SeaFriends,3.0000
seaporn,74.0000
seapunk,13.0000
SeaTac,1.0000
Seattle,6.5000
seattlents,0.0000
secrets,1.0000
secretsanta,344.2000
SecurityAnalysis,18.0000
seddit_auth,2.0000
seduction,148.0000
seedboxes,2.0000
seedswap,1.0000
SegaSaturn,11.0000
SeinfeldQuotes,10.0000
self,112.2500
selfharm,73.0000
selfharmpics,9.0000
selfie,9.0000
selfpublish,2.0000
SelfSufficiency,1.0000
SEO,28.0000
serafuku,65.0000
serialkillers,17.0000
serialpodcast,255.4000
seriea,27.0000
servers,3.0000
Sessionwrestling,2.0000
SettleForge,2.0000
sewanee,1.0000
sex,199.5455
Sexism,0.0000
sexover30,5.0000
Sexsells,2.5000
SexToys,5.0000
SexWorkers,11.0000
Sexy,115.0000
SexyGirlsInBoots,73.0000
sexystories,34.0000
sexytimechat,1.0000
SexyWomanOfTheDay,19.0000
Sexy_Ed,89.0000
SF4,6.0000
sgsflair,1.0000
ShadowBan,9.0000
Shadowrun,118.0000
ShadowrunFanFic,1.0000
shadowrunreturns,1.0000
shakespeare,8.0000
shallowpop,2.0000
Shamanism,6.0000
shanecarruth,6.0000
Shaneisms,27.0000
shanghai,10.0000
ShareAFap,46.0000
Shareconomy,3.0000
SharePLEX,2.2500
ShareYourSheps,3.0000
Shatter,27.0000
Shemales,313.0000
Shenmue,35.0000
shenzhen,49.0000
Sherlock,81.0000
shestillsucking,89.0000
shia,10.0000
ShibaInu,2.0000
shield,34.0000
ShingekiNoKyojin,224.5000
ShinyPokemon,47.5000
shitpost,84.5000
ShitRedditWomenSay,0.0000
Shitstatistssay,29.0000
ShittyAlbumArtPorn,18.0000
shittyama,64.0000
shittyaskedmund,13.0000
shittyaskelectronics,9.0000
ShittyaskIcefrog,6.0000
shittyaskscience,49.3333
ShittyBikeMods,22.0000
ShittyChangeMyView,4.0000
shittydiy,69.0000
shittyfoodporn,2181.0000
shittyideas,323.5000
shittykickstarters,284.3333
ShittyKoreanAdvice,14.0000
ShittyLifeProTips,218.0000
shittylpt,9.0000
ShittyMapPorn,372.0000
shittymontageparodies,1.0000
shittypolitics,9.0000
shittyreactiongifs,6414.3333
shittyredstone,3.0000
Shitty_Car_Mods,1579.2000
shockwaveporn,147.0000
shoegaze,19.0000
shootformars,1.0000
shopify,7.0000
Shoplifting,4.0000
ShortFilm,15.0000
Shortfilms,44.0000
shorthairedhotties,75.0000
shortscarystories,785.0000
shortscifistories,24.0000
shortstories,3.0000
ShotBow,3.0000
shouldbeathing,2.5000
ShouldIbuythisgame,3.0000
ShovelKnight,2.0000
showerbeer,1926.0000
Showerthoughts,2168.1250
ShowMeSlut,39.0000
ShowOffYourCharacter,24.0000
showthoughts,15.0000
shrooms,333.0000
shutupandtakemymoney,100.0000
siblingsupport,3.0000
SideBySidePorn,33.6667
siegerhino,53.0000
sigils,2.0000
sigurros,21.0000
silenthillcirclejerk,3.0000
silentvideos,11.0000
siliconvalley,0.0000
silkroadonline,1.0000
simonfraser,1.0000
SimplePlanes,21.0000
simplerockets,25.0000
simracing,7.0000
sims,7.0000
simsfreeplaycheats,0.0000
SimsFreePlayHack,1.0000
Simulism,3.0000
singapore,15.1250
singing,13.0000
single,11.0000
Sissies,23.5000
Sissy,6.0000
sissyhypno,46.5000
sissypersonals,4.5000
sixers,12.0000
sixwordstories,0.0000
SixYearClub,4.0000
sjwhate,44.0000
SJWstories,10.5000
skateboarding,130.0000
skatergirls,5.0000
SketchComedy,0.0000
SketchDaily,29.0000
skiing,5.0000
SkincareAddiction,194.2500
skincareexchange,3.0000
skinnypeople,0.0000
SkinnyWithAbs,325.0000
skitswedditsager,0.0000
skivvies,53.0000
skoda,4.0000
skoolies,11.0000
skrillex,7.0000
skulduggerypleasant,4.0000
SkyLine,20.0000
skymallshoppers,1.0000
skype,162.0000
skyrim,106.2500
skyrimmods,23.1250
skyrimrequiem,2.0000
SkyrimTotalImmersion,7.0000
skyrogue,5.0000
skysaga,4.5000
slashdiablo,4.0000
slavelabour,6.0000
slavsquat,21.0000
slavs_squatting,243.5000
slaycringe,7.0000
Sleepercars,11.5000
SleeplessThoughts,21.0000
Sleeptalks,61.5000
Sleepycabin,16.5000
SlenderMan,13.0000
slingshots,12.0000
Slipknot,21.0000
slowpitch,5.0000
slp,1.0000
Slutoon,32.0000
sm4sh,4.0000
smallboobproblems,15.0000
smallbusiness,40.4286
smalldickproblems,4.0000
SmarterEveryDay,184.0000
smashart,85.0000
smashbros,284.7742
smashbros34,83.5000
smashgifs,98.0000
Smite,60.3077
smitetraining,2.0000
SmiteXenia,12.0000
SmithAndWesson,11.0000
smnc,9.0000
smoking,62.0000
snakes,34.5000
snapchat,1.0000
Snapchathacks,0.0000
sneakermarket,1.3333
Sneakers,99.0000
snowboarding,16.0000
Sober,10.0000
SoCalR4R,17.0000
soccer,1617.8750
soccerdev,1.0000
soccerspirits,12.0000
socialism,1.0000
sociallyawkward,7.0000
socialmedia,14.5000
socialmediaresearch,4.0000
SocialNetworks,0.0000
socialskills,163.0000
socialthandikappad,23.0000
sodapoppin,23.0000
softies,73.0000
software,13.5000
softwaregore,639.0000
solar,21.0000
solarpanels,3.0000
solopolyamory,2.0000
solotravel,9.0000
Somalia,2.0000
somatik,1.0000
SomebodyMakeThis,16.5000
songs,2.0000
SongStems,28.0000
SonicBoom,18.0000
SonicTheHedgehog,2.0000
Sonnyisaqueer,2.0000
sonora,3.0000
Sonsofanarchy,120.3333
SonyXperia,10.0000
sooners,15.0000
sophiedee,46.0000
souleater,4.0000
sounding,52.0000
soundsaboutright,5.0000
soundsliketool,11.0000
SourceFed,30.0000
southafricanents,8.0000
SouthBayLA,0.0000
SOWEGA,1.0000
soylent,7.0000
space,13.0000
spacebasedf9,14.0000
SPACECOMMUNISM,14.0000
Spacemarine,3.0000
SpaceNinjasPlsIgnore,15.0000
spaceporn,1239.0000
space_settlement,11.0000
spam,4.0000
spaz,39.0000
SpeculativeEvolution,29.0000
speeches,2.0000
Speedcore,1.0000
speedos,5.5000
speedrun,10.2000
sph,5.0000
spicy,94.0000
Spiderman,93.0000
spiders,8.0000
spikes,9.0000
spinalcordinjuries,13.0000
spiritscience,3.5000
spitroast,12.0000
SpitRoasted,145.0000
spongebob,851.0000
spop,1.0000
Sportbikes,5.0000
sports,3049.2000
sportsbetting,1.0000
sportsbook,11.0000
sportsgamecollecting,4.0000
sportspsychology,2.0000
spotify,137.2500
spotted,28.0000
Spraypaint,6.0000
Sprint,8.5000
spyker,4.0000
SQL,3.0000
Squamish,4.0000
SquaredCircle,525.3077
squirting,102.0000
Sriracha,14.0000
SRmod,8.0000
SRSGaming,1.0000
SRSScience,5.0000
SRSsucks,44.0000
SRSWomen,22.0000
SS13,70.0000
ssamc,3.0000
ssbbw,114.0000
ssbfbbhdr,1.0000
SSBPM,84.6000
stalker,57.0000
StandingAnimals,15.0000
StandingDesk,1.0000
standrews,4.0000
StandUpComedians,30.0000
starbound,60.2500
StarboundPlanets,6.0000
starcitizen,104.0000
Starcitizen_trades,12.5000
starcraft,412.4000
StardustCrusaders,32.0000
Stargate,9.0000
starlets,71.0000
starterpacks,1220.5000
StartledDogs,6.0000
startups,52.6000
StarWars,895.5000
StarWarsEU,24.0000
starwarsmemes,13.0000
starwarsrebels,6.0000
statecollege,2.0000
STD,1.0000
steak,186.0000
stealthgames,0.0000
Steam,150.3750
SteamArtworkProfiles,3.0000
SteambotChronicles2,1.0000
SteamGameSwap,17.3333
steamgiveaway,1.0000
steamgiveaways,5.0000
steamporn,38.0000
Steamship,1.0000
steamswap,1.0000
SteelOverseer,1.0000
steelseries,1.0000
steinsgate,7.0000
StencilTemplates,38.0000
stephenking,20.0000
stepparents,22.0000
steroids,17.0000
Steroidsourcetalk,2.7500
stevenuniverse,21.5000
sticknpokes,5.0000
Stillwater,3.0000
Stims,2.5000
Stinky,2.0000
StLouis,0.0000
StLouisRams,6.0000
sto,21.0000
stobuilds,11.0000
stocks,27.2500
Stoicism,7.0000
stolendogbeds,243.0000
StonerPhilosophy,74.0000
StonerPoems,9.0000
StonerProTips,22.0000
stonerrock,54.0000
StonerThoughts,14.0000
stopdrinking,28.3333
StopGaming,41.0000
Stormlight_Archive,101.0000
storytellingvideos,372.0000
StraightMalePlounge,3.0000
Strasbourg,15.0000
strathclyde,11.0000
Strawbale,10.0000
strawcrack,1.0000
StreetFights,419.5000
streetfoodartists,165.5000
streetwear,53.3000
StressLevelZero,5.0000
Stretched,0.0000
strife,6.0000
strikevector,7.0000
StrikeWitches,7.0000
STS9,15.0000
StudentLoans,8.0000
StudentNurse,4.0000
stuffbraymuklikes,1.0000
stumpwm,6.0000
StupidIdeas,6.0000
stupidquestions,2.0000
STYLSS,5.0000
Sub4Sub,1.0000
subaru,3.0000
SubaruForester,10.0000
subgenreid,1.0000
SublimeText,11.0000
submechanophobia,200.0000
SubredditAnalysis,10.0000
subredditsarehashtags,28.0000
SubstanceAbuseHelp,1.0000
SubtleNudity,354.0000
subway,6.0000
Subwife,78.0000
succulents,22.0000
suckmidickdarky,1.0000
SuddenlyGay,125.0000
sugarhate,2.0000
sugarlifestyleforum,6.0000
suggest,2.0000
SuggestALaptop,3.3333
suggestions,7.0000
suggestmeabook,8.0000
suicidegirls,1565.0000
SuicideWatch,17.5000
SuiGeneris,7.0000
Suikoden,11.0000
suit,2.0000
summonerschool,21.1429
summonerswar,27.8750
SunnyLeone,22.0000
Suomi,89.0000
Superbowl,152.0000
superbunnyhop,9.0000
supermegacomics,2.0000
Supernaturaltheories,2.0000
supernintendo,1.0000
SuperSecretBases,50.7500
SupersRP,6.0000
superstarsmtown,15.0000
Supplements,13.0000
Supreme,6.0000
supremeclothing,17.7143
Surface,9.0000
Surface_Pro_3,2.0000
surprisegifts,14.0000
survivor,5.0000
SushiAbomination,92.0000
svenskpolitik,22.0000
SVExchange,1.9874
SwagBucks,10.0000
swampthing,17.0000
Swartrz,1.0000
SweatyPalms,259.0000
sweden,2.5000
swedish,2.0000
SwiftJobs,1.0000
SwiggitySwootyGifs,303.5000
Swingers,6.0000
swingersr4r,1.5000
switcharoo,0.0000
Switzerland,105.0000
swoleacceptance,265.0000
swordartonline,21.2000
swtor,43.3333
sydney,220.0000
synology,18.0000
synthesizers,7.0000
syriancivilwar,24.0000
sysadmin,84.4667
SystemsTheory,2.0000
tabled,15.0000
tabletopgamedesign,1.0000
tabletopsimulator,3.0000
tablets,3.0000
Tacky,2.0000
TACPodcast,14.0000
TagPro,5.0000
TagProMoosen,4.0000
tailplug,316.0000
tails,2.0000
talesfromcavesupport,44.0000
talesfrommedicine,87.0000
TalesFromRetail,769.5000
talesfromtechsupport,3191.5000
TalesFromTheFrontDesk,9.0000
TalesFromYourServer,264.6667
TalesofPrivilege,101.0000
tall,6.0000
TallGoneWild,250.0000
tallinn,1.0000
TallMeetTall,3.0000
TalonRO,2.0000
tampa,5.5000
TangerineTycoon,3.0000
Tanner,2.0000
taoism,13.0000
tappedout,29.0000
TapTapInfinity,33.0000
Tardsplaya,25.0000
tardtales,79.0000
Target,8.0000
TargetedIndividuals,1.0000
tarot,8.0000
tasker,35.0000
tattoo,1.0000
TattooDesigns,16.0000
tattoos,128.5000
TaylorSwift,226.0000
TaylorSwiftBreasts,60.0000
tdd,2.0000
tea,306.0000
teaching,5.0000
TeamInvent,3.0000
TeamRedditTeams,1.0000
TeamShrimp,2.0000
technology,1435.6154
technologymetameta,2.0000
techsupport,4.8276
techsupportgore,891.0000
techtheatre,19.5000
tedtalks,26.0000
teenagers,801.8750
teencrossdressing,24.0000
teensnapchat,1.0000
teentitans,8.0000
TeenTitansGo,3.0000
TEFL,33.0000
Tekken,13.0000
telescopes,3.0000
television,627.9167
TellMeImPretty,7.0000
telltale,16.0000
Ten,10.0000
tennis,87.0000
TeraOnline,11.5714
Terminator,31.0000
Terraria,121.6667
TerrariaExchange,1.0000
Terrarium,7.0000
TerribleBookCovers,68.5000
terriblefacebookmemes,519.0000
tesdcares,0.0000
teslore,47.0000
test,21.6667
testbot,1.0000
testreddit123123,0.0000
TestTubeBabes,2.0000
test_attention,1.0000
textbooks,3.0000
textfriends,2.0000
tf2,794.5882
tf2dadjokes,43.0000
tf2memes,25.0000
tf2trade,2.0000
Tgirls,146.0000
ThailandTourism,3.0000
thalassophobia,1183.0000
thankmrskeltal,16.0000
thankserna,2.0000
ThankYou,1.0000
thank_mr_skeltal,36.0000
thatHappened,2621.0000
Thaumcraft,3.0000
The100,34.0000
TheAffair,11.0000
TheAgoraMarket,1.0000
TheArtifice,9.0000
ThebestSubreddit,5.0000
TheBlackList,20.0000
TheBluePill,651.0000
TheCinemassacre,23.0000
TheClashers,0.0000
TheCube,3.5000
TheCulture,16.0000
thedailyhappening,3.0000
TheDarkHairedTeen,101.0000
theDarkness,3.0000
TheDepthsBelow,381.8000
TheDescendantsOfRome,7.0000
TheDirtsheets,22.0000
TheEricAndreShow,39.6667
theescapists,1.0000
TheFallTV,36.0000
theforceawakens,0.0000
TheForest,37.0000
TheGirlSurvivalGuide,123.0000
thehedgehog,65.0000
TheLastAirbender,810.0000
thelastofus,9.0000
thelastofusfactions,29.7500
TheLeftovers,17.0000
thelongdark,6.0000
TheLosSantosAliens,2.0000
TheMakingOfGames,24.0000
themanaworld,2.0000
ThemeParkMaps,13.0000
TheMisfits,4.0000
TheMissing,4.0000
themoddingofisaac,41.8824
themonsterkittens,12.0000
themountaingoats,8.0000
TheNaughtPod,3.0000
thenetherlands,9.0000
TheNorthernHues,6.0000
theNvidiaShield,5.0000
TheoreticalPhysics,3.0000
TheoryOfReddit,22.0000
TheOverload,2.0000
thepiratebay,31.5000
thepunisher,8.0000
thepuppetersaltar,1.0000
theratio,266.0000
TheRealmOfMianite,5.0000
TheRearPussy,176.0000
TheRedditBay,1.0000
TheRedFox,423.0000
TheRedPill,245.6364
thereifixedit,72.0000
TheReportOfTheWeek,0.0000
thescienceofdeduction,1.0000
TheShowdownEffect,2.0000
TheSimpsons,4326.0000
thesims,845.0000
thetileapp,1.0000
TheTretheway,1.0000
Thetruthishere,106.5000
TheUrantiaBook,3.0000
thevenomsite,14.0000
thewalkingdead,2957.0000
TheWalkingDeadGame,3.0000
TheWayWeWere,80.2500
theydidthemaths,7.0000
The_Crew,37.0000
thingscoolfor5minutes,45.6667
ThingsCutInHalfPorn,844.0000
ThingsFightingIdiots,46.0000
Thinknoodles,1.0000
thinkpad,12.0000
thinspo,186.0000
ThisCrazyBitch,29.0000
ThisWarofMine,2.0000
thomasthedankengine,208.0000
threetimesbigger,16.0000
throatpies,427.0000
Throwers,12.5000
thuglife,104.0000
Thunder,10.0000
TiADiscussion,4.5000
TibiaMMO,15.0000
tickling,5.0000
Ticos,11.0000
tifu,2122.0690
timberframing,2.0000
Tinder,3677.2500
ting,4.0000
tinnitus,3.5000
tinwhistle,4.0000
TinyHouses,44.0000
TinyLeaders,5.0000
TinyTits,156.0000
tiny_saggers,28.0000
tipofmypenis,40.8333
tipofmytongue,6.5263
titanfall,6.5000
titansstrike,2.0000
TitansTV,3.0000
titfuck,425.0000
tke,0.0000
todayilearned,1625.0000
togetheralone,3.0000
TokyoGhoul,88.0000
tolkienbooks,15.0000
tomodachilife,23.0000
TomorrowPeople,8.0000
TOMTcoldcase,13.0000
tongueoutbjs,22.0000
tonightmkemny,1.0000
tonsilstones,36.0000
TooAfraidToAsk,12.8000
TooBig,128.5000
ToolBand,46.0000
toolporn,65.0000
Toontown,29.0000
TopGear,9.0000
TopsAndBottoms,10.0000
TOR,2.0000
toriamos,15.0000
toronto,38.7500
Torontobluejays,0.0000
ToroYMoi,16.0000
totallypenis,37.0000
TotallyStraight,50.0000
totalwar,65.0000
Toughmudder,7.0000
TownofSalemgame,35.6000
Toyota,3.0000
TPB,121.0000
tppromhacks,5.5000
trackers,33.5000
trackersjerk,5.0000
tradclimbing,20.0000
Traeger,1.0000
trailmeals,24.0000
Training,1.0000
trainsim,9.0000
tramp,2.0000
trance,3.0000
transcribe,2.0000
transdating,3.0000
TransDIY,2.0000
TransformationRP,0.5000
translationfails,2.0000
translator,1.5000
translucent_porn,82.0000
Transmogrification,143.0000
Transparent,4.0000
transpassing,35.0000
transtimelines,73.0000
tranypanda,0.0000
trap,13.0000
trapproduction,28.0000
traps,246.6667
trashy,1077.2500
trashyboners,255.0000
travel,42.1250
travelblogging,3.0000
traveling,1.0000
travelpartners,5.0000
treehouseofhorror,1.0000
trees,842.6296
Tress,0.0000
tressless,3.0000
triangle,1399.5000
Triangles,4.0000
triathlon,19.0000
TribalWars2,3.5000
TributeMe,75.0000
Trill,2.0000
triplej,59.0000
trippinthroughtime,297.0000
TripTales,26.0000
Triptongue,8.3333
Triumph,13.0000
trollbot,1.0000
TrollFart,23.5000
TrollMeta,36.0000
trollscience,102.0000
TrollXChromosomes,1046.1667
TrollXMeetups,8.0000
TrollXSupport,24.0000
TrollYChromosome,1365.0000
TrollYChromosomes,67.0000
Trophies,3.0000
Trove,7.0000
TroveCreations,1.5000
Trucking,10.0000
Trucks,129.0000
TrueAtheism,274.0000
truebooks,4.0000
truechildfree,23.0000
TrueChristian,23.3333
truecreepy,34.0000
TrueCSGO,5.0000
truedodgers,0.0000
TrueFilm,55.6667
truegaming,234.2500
truehorror,4.5000
truepixelart,32.0000
trueprolife,1.0000
TrueSeries,15.0000
truetf2,47.0000
truthcontest,3.0000
TryingForABaby,10.0000
tryptophobia,6.0000
TryThisFood,20.0000
tstodesign,6.0000
tsugumomo,6.0000
TsumTsum,24.5000
TsundereSharks,1995.0000
tsundereworldleaders,10.0000
ttotm,213.0000
Tuba,10.0000
TuesdayMorningTears,1.0000
Tulpas,7.6667
TumblrAtRest,520.6667
TumblrCirclejerk,227.5000
TumblrInAction,3244.8571
Turnerswoes,1.0000
turning,19.0000
tvcrackups,11.5000
twentyonepilots,4.0000
twinpeaks,7.0000
Twitch,15.2667
twitchplayspokemon,128.0000
TwoXChromosomes,368.3750
TwoXSex,7.5000
TwoYChromosomes,8.0000
txsg,3.0000
U2Band,4.0000
UBC,1.0000
uberdrivers,2.4000
Ubuntu,34.0000
uCinci,16.0000
ucla,7.0000
UCSD,2.0000
ufc,8.0000
UFOs,31.0000
UFS,7.0000
uhhilo,4.0000
UIUC,5.0000
UI_Design,4.0000
UKInvesting,1.0000
Ukmilf,2.0000
ukpolitics,5.0000
ultimate,0.0000
ultrahardcore,15.0000
Ultralight,7.0000
ultraviolent,20.0000
ultronsmells,3.0000
undelete,91.0000
UnderTheDome,16.0000
underthemicroscope,9.0000
undies,171.0000
Unexpected,1488.0000
UnexpectedThugLife,6240.0000
Unexplained,2.0000
UnexplainedPhotos,292.0000
Unicode,5.0000
uniqueminds,3.0000
unitedkingdom,650.0000
Unity3D,10.0000
Unity3dCirclejerk,10.0000
unixporn,11.0000
unpopularopinion,3.0000
UnresolvedMysteries,173.5556
unsigned,1.0000
unturned,7.0000
UnusualArt,154.0000
uofi,6.0000
Upskirt,0.0000
urbanexploration,198.6667
urbanfantasy,12.0000
UrbanHell,105.3333
usa,20.0000
USAFA,3.0000
USCGAUX,3.0000
USContender,2.0000
usedpanties,8.5000
usenet,7.1667
uspolitics,0.5000
USWNT,1.0000
utdallas,6.5000
utopiatv,3.0000
uvic,32.0000
uvtrade,2.0000
uwaterloo,11.0000
uwf,4.0000
UWMadison,2.0000
VACPorn,29.0000
Vacuum,1.0000
VAC_Porn,290.0000
vagabond,99.0000
vaginismus,42.0000
vagrant,3.0000
VAGuns,9.0000
Vainglory,0.0000
vainglorygame,80.0000
valkyria,7.0000
Vampireweekend,2.0000
vancouver,371.6667
vandwellers,50.3333
vape_memes,80.5000
Vaping,27.3333
Vaping101,7.0000
vaporents,22.6667
Vaporwave,130.7500
vectorart,2.0000
VEDC,17.0000
Veeam,3.0000
vegan,12.0000
VeganFoodPorn,25.0000
veganmusic,5.0000
VeganVideos,3.0000
vegas,7.3333
vegetarian,141.0000
vegproblems,18.0000
VelcroBabies,17.0000
VenturedCapital,9.0000
Veritasium,10.0000
Verlisify,2.0000
vermont,6.0000
Veterinary,5.0000
vfx,2.0000
vgztv,1.0000
VictoriaBC,18.0000
videogamebabes,16.0000
videography,4.0000
videopals,4.0000
videos,1798.4884
vidoes,1.0000
vikingsgonewild,200.5000
villasmp,2.0000
vim,27.0000
vimplugins,10.5000
Vindictus,25.0000
VintageBabes,200.0000
vintagejapaneseautos,18.0000
vintagemotorcycles,11.0000
vinyl,22.3333
VinylCollectors,12.0000
vipassana,3.0000
Virginia,27.0000
virginislands,4.0000
VirtualFreakout,47.5000
visualnovels,13.0000
vita,22.5000
Vivarium,7.0000
Vivillon,1.0000
vmware,3.0000
vocaloidcirclejerk,5.0000
VoidTorcher,1.0000
VOIP,1.0000
Volkswagen,23.0000
volunteer,3.0000
Volvo,38.0000
Vore,2.0000
VPN,11.0000
VPS,1.0000
vtmb,13.0000
VXJunkies,31.0000
wacken,9.0000
wacom,1.0000
waffles,2.0000
waiting_to_try,4.0000
walkthrough,68.0000
wallpaper,802.0000
wallpapers,1285.0000
wallstreetbets,1.0000
walmart,31.7500
wardrobepurge,10.0000
Warframe,62.6667
wargame,59.5000
Warhammer,7.0000
Warhammer40k,5.5000
WarMovies,5.0000
WarOwl,7.0000
WarriorCats,8.0000
Warthunder,17.0000
warthundermemes,62.0000
WastedGifs,1079.0000
WastelandPowers,17.0000
Watches,94.0000
Watchexchange,6.0000
watchpeopledie,685.2308
Watercolor,233.0000
Waterfowl,4.0000
waterloo,19.0000
Watsky,12.0000
Watsonville,3.0000
Waxpen,1.0000
waynestate,15.0000
Wayward,9.5000
waywardsouls,2.0000
waze,7.0000
wdtv,3.0000
WeAreMods,20.0000
WeAreTheMusicMakers,135.2500
Weasel,1.0000
webdev,23.2727
WebGames,104.1429
webhosting,3.0000
webos,1.0000
web_design,266.7143
wedding,161.0000
weddingplanning,15.6667
Weddingsunder10k,5.0000
weeabootales,62.5000
weed,8.0000
weekendgunnit,31.0000
weeklyplanetpodcast,14.0000
wegmans,18.0000
weightlifting,3.6667
weightpull,2.0000
WeirdBoner,15.0000
WeissSchwarz,2.0000
Welding,16.0000
weldingjobs,2.0000
WeldPorn,47.0000
WellingtonChaos,1.0000
wellofsouls,2.0000
WellWornBimbos,69.0000
WeSellCrypto,1.0000
WesternHentai,321.0000
Westerns,6.0000
WestHighlandTerriers,35.0000
westies,9.0000
WetAndMessy,26.0000
wft,4.0000
wgbeforeafter,56.0000
WH40Kchaosgate,2.0000
whatcarshouldIbuy,0.5000
Whatcouldgowrong,2736.2500
Whatisthis,54.0000
whatisthisthing,1254.0000
WhatsAppForwards,5.0000
whatsthisplant,9.0000
WheelchairJimmy,44.0000
whentheacidkicksin,28.2500
whenyouseeit,20.0000
wherecanibuythis,2.0000
wheredidthesodagowild,186.0000
WhereIsMyFlyingCar,47.0000
whereisthis,14.0000
whiskyinventory,5.8571
whitecollar,6.5000
whiteknighting,125.3333
whitepeoplegifs,313.0000
WhiteRights,6.0000
WholesaleJerseys,3.0000
whowouldwin,71.0000
WhoWouldWinWorkshop,17.0000
wierd,2.0000
Wife,13.0000
wifeshare,35.0000
wifesharing,98.6000
WiggleButts,2.0000
WiiHacks,61.0000
wiiu,59.6000
wiiumasterrace,0.0000
wiki,3.0000
WildernessBackpacking,153.0000
WildNews,1.0000
wildwhittlers,3.0000
WilliamsonCountyTN,6.0000
wince,84.2500
Windows10,5.5000
windows8,5.5000
windowsadmin,1.0000
windowsphone,121.0000
wine_gaming,3.0000
Winnipeg,8.0000
Winona,20.0000
Wishlist,20.8750
witcher,74.2857
withrice,49.5000
wizardry,0.0000
WKU,9.0000
wlu,4.0000
woahdude,2397.5714
WoahTunes,75.0000
Woodshed,5.0000
woodworking,191.5000
Wordpress,14.5000
Workbenches,47.0000
workday,4.0000
workflow,39.3333
WorkOnline,36.0000
worldbuilding,73.2000
worldbuildingcircjerk,6.0000
worldnews,2123.0000
WorldofTanks,5.0000
worldpolitics,7.0000
worldpowers,3.0000
WorstOfMSPaint,35.0000
worstwebsites,1.0000
WouldYouFuckMyWife,97.0000
WouldYouRather,1012.0000
wow,657.9429
woweconomy,68.0000
wowguilds,2.5000
wowservers,0.0000
WoWStreams,1.0000
wowthissubexists,538.0000
WowUI,30.0000
Writeresearch,14.0000
writing,325.2500
WritingPrompts,1142.9286
wroteabook,1.0000
WTF,3084.1500
WTFA,1.0000
wtfamazon,59.0000
WTFgaragesale,29.0000
WTFJapan,64.6667
ww2,28.0000
wwenetwork,5.0000
wwesupercard,14.0000
xart,139.0000
xbmc,3.5000
XbonePs4Glitches,1.0000
xbox360,212.0000
XboxFitness,9.0000
xboxmasterrace,2.0000
xboxone,260.5385
XboxOneGamers,1.0000
XboxOneHelp,1.0000
XboxThemes,50.5000
Xcom,1.6667
XenoGalaxies,3.0000
xetu,26.0000
XFiles,11.0000
Xiaomi,3.0000
xkcd_substitutions,3.0000
XMenRP,6.5000
Xplane,5.0000
xposed,14.0000
xray,32.5000
XRayPorn,8.0000
XVcrosstrek,33.3333
xxfitness,136.6000
XXX_Animated_Gifs,57.0000
xychromosomes,29.0000
yachtporn,18.0000
yahooanswers,250.0000
yale,27.0000
YarnAddicts,64.0000
YasuoMains,5.5000
YAYamateurs,43.0000
yesyesyesno,143.5000
yesyesyesyesno,349.0000
YGOFeedback,1.0833
yiff,234.5000
yiffgif,77.0000
yoga,25.5000
Yogscast,238.0000
yoko34,30.0000
YorbaLinda,5.0000
yorku,9.5000
youdidthemath,13.0000
youdontsurf,4591.5000
YouGotGold,3.0000
YouHaveOnePost,5.0000
Youmu,1.0000
YoungMonroe,37.0000
YouretheworstFX,25.0000
YouShouldKnow,1183.0000
Youshouldsamplethis,12.0000
YouthRights,5.0000
youtube,11.3333
YouTubeCollab,1.0000
youtubecomments,44.0000
youtubehaiku,1388.3333
youtubers,3.0000
youtubetitties,365.0000
yoyhammer,17.0000
ytcracker,0.0000
yugioh,85.0000
YungSnuggie,2.0000
YUROP,55.2500
YuYuHakusho,15.0000
Yween,2.0000
Z3compact,4.0000
Zano,1.0000
zelda,529.0000
zen,1.0000
zhurrick,5.0000
Zionism,2.0000
zmarter,0.0000
Zoids,13.0000
ZonaEnts,11.0000
zurich,5.0000
